// Auto-generado desde Extra_1/models/id_detector_int8.tflite. No editar manualmente.
// Modelo TFLite INT8 — id_detector binario — 17240 bytes (16.8 KB)
// Input: 1x128x128x1 INT8 | Output: 1x2 INT8 (softmax, 2 clases: Sin ID / Con ID)
#pragma once
#include <stdint.h>

const uint8_t id_detector_model_data[] = {
  0x1c, 0x00, 0x00, 0x00, 0x54, 0x46, 0x4c, 0x33, 0x14, 0x00, 0x20, 0x00, 0x1c, 0x00, 0x18, 0x00,
  0x14, 0x00, 0x10, 0x00, 0x0c, 0x00, 0x00, 0x00, 0x08, 0x00, 0x04, 0x00, 0x14, 0x00, 0x00, 0x00,
  0x1c, 0x00, 0x00, 0x00, 0x98, 0x00, 0x00, 0x00, 0xf0, 0x00, 0x00, 0x00, 0x80, 0x18, 0x00, 0x00,
  0x90, 0x18, 0x00, 0x00, 0x9c, 0x42, 0x00, 0x00, 0x03, 0x00, 0x00, 0x00, 0x01, 0x00, 0x00, 0x00,
  0x10, 0x00, 0x00, 0x00, 0x00, 0x00, 0x0a, 0x00, 0x10, 0x00, 0x0c, 0x00, 0x08, 0x00, 0x04, 0x00,
  0x0a, 0x00, 0x00, 0x00, 0x0c, 0x00, 0x00, 0x00, 0x1c, 0x00, 0x00, 0x00, 0x3c, 0x00, 0x00, 0x00,
  0x0f, 0x00, 0x00, 0x00, 0x73, 0x65, 0x72, 0x76, 0x69, 0x6e, 0x67, 0x5f, 0x64, 0x65, 0x66, 0x61,
  0x75, 0x6c, 0x74, 0x00, 0x01, 0x00, 0x00, 0x00, 0x04, 0x00, 0x00, 0x00, 0x90, 0xff, 0xff, 0xff,
  0x17, 0x00, 0x00, 0x00, 0x04, 0x00, 0x00, 0x00, 0x08, 0x00, 0x00, 0x00, 0x6f, 0x75, 0x74, 0x70,
  0x75, 0x74, 0x5f, 0x30, 0x00, 0x00, 0x00, 0x00, 0x01, 0x00, 0x00, 0x00, 0x04, 0x00, 0x00, 0x00,
  0x5e, 0xe7, 0xff, 0xff, 0x04, 0x00, 0x00, 0x00, 0x0f, 0x00, 0x00, 0x00, 0x6b, 0x65, 0x72, 0x61,
  0x73, 0x5f, 0x74, 0x65, 0x6e, 0x73, 0x6f, 0x72, 0x5f, 0x34, 0x32, 0x00, 0x02, 0x00, 0x00, 0x00,
  0x34, 0x00, 0x00, 0x00, 0x04, 0x00, 0x00, 0x00, 0xdc, 0xff, 0xff, 0xff, 0x1a, 0x00, 0x00, 0x00,
  0x04, 0x00, 0x00, 0x00, 0x13, 0x00, 0x00, 0x00, 0x43, 0x4f, 0x4e, 0x56, 0x45, 0x52, 0x53, 0x49,
  0x4f, 0x4e, 0x5f, 0x4d, 0x45, 0x54, 0x41, 0x44, 0x41, 0x54, 0x41, 0x00, 0x08, 0x00, 0x0c, 0x00,
  0x08, 0x00, 0x04, 0x00, 0x08, 0x00, 0x00, 0x00, 0x19, 0x00, 0x00, 0x00, 0x04, 0x00, 0x00, 0x00,
  0x13, 0x00, 0x00, 0x00, 0x6d, 0x69, 0x6e, 0x5f, 0x72, 0x75, 0x6e, 0x74, 0x69, 0x6d, 0x65, 0x5f,
  0x76, 0x65, 0x72, 0x73, 0x69, 0x6f, 0x6e, 0x00, 0x1b, 0x00, 0x00, 0x00, 0x8c, 0x17, 0x00, 0x00,
  0x84, 0x17, 0x00, 0x00, 0x6c, 0x17, 0x00, 0x00, 0x54, 0x17, 0x00, 0x00, 0xe4, 0x16, 0x00, 0x00,
  0x14, 0x16, 0x00, 0x00, 0x04, 0x0d, 0x00, 0x00, 0x34, 0x0c, 0x00, 0x00, 0x74, 0x0a, 0x00, 0x00,
  0xa4, 0x09, 0x00, 0x00, 0x14, 0x05, 0x00, 0x00, 0xa4, 0x04, 0x00, 0x00, 0xbc, 0x03, 0x00, 0x00,
  0x4c, 0x03, 0x00, 0x00, 0xe4, 0x00, 0x00, 0x00, 0xdc, 0x00, 0x00, 0x00, 0xd4, 0x00, 0x00, 0x00,
  0xcc, 0x00, 0x00, 0x00, 0xc4, 0x00, 0x00, 0x00, 0xbc, 0x00, 0x00, 0x00, 0xb4, 0x00, 0x00, 0x00,
  0xac, 0x00, 0x00, 0x00, 0xa4, 0x00, 0x00, 0x00, 0x9c, 0x00, 0x00, 0x00, 0x94, 0x00, 0x00, 0x00,
  0x74, 0x00, 0x00, 0x00, 0x04, 0x00, 0x00, 0x00, 0x46, 0xe8, 0xff, 0xff, 0x04, 0x00, 0x00, 0x00,
  0x60, 0x00, 0x00, 0x00, 0x0c, 0x00, 0x00, 0x00, 0x08, 0x00, 0x0e, 0x00, 0x08, 0x00, 0x04, 0x00,
  0x08, 0x00, 0x00, 0x00, 0x10, 0x00, 0x00, 0x00, 0x28, 0x00, 0x00, 0x00, 0x00, 0x00, 0x06, 0x00,
  0x08, 0x00, 0x04, 0x00, 0x06, 0x00, 0x00, 0x00, 0x04, 0x00, 0x00, 0x00, 0x01, 0x00, 0x00, 0x00,
  0xeb, 0x03, 0x00, 0x00, 0x0c, 0x00, 0x18, 0x00, 0x14, 0x00, 0x10, 0x00, 0x0c, 0x00, 0x04, 0x00,
  0x0c, 0x00, 0x00, 0x00, 0x11, 0x8a, 0x42, 0x82, 0x38, 0x67, 0x2e, 0x6b, 0x02, 0x00, 0x00, 0x00,
  0x02, 0x00, 0x00, 0x00, 0x04, 0x00, 0x00, 0x00, 0x06, 0x00, 0x00, 0x00, 0x32, 0x2e, 0x32, 0x31,
  0x2e, 0x30, 0x00, 0x00, 0xb2, 0xe8, 0xff, 0xff, 0x04, 0x00, 0x00, 0x00, 0x10, 0x00, 0x00, 0x00,
  0x31, 0x2e, 0x31, 0x34, 0x2e, 0x30, 0x00, 0x00, 0x00, 0x00, 0x00, 0x00, 0x00, 0x00, 0x00, 0x00,
  0x50, 0xc0, 0xff, 0xff, 0x54, 0xc0, 0xff, 0xff, 0x58, 0xc0, 0xff, 0xff, 0x5c, 0xc0, 0xff, 0xff,
  0x60, 0xc0, 0xff, 0xff, 0x64, 0xc0, 0xff, 0xff, 0x68, 0xc0, 0xff, 0xff, 0x6c, 0xc0, 0xff, 0xff,
  0x70, 0xc0, 0xff, 0xff, 0x74, 0xc0, 0xff, 0xff, 0xf6, 0xe8, 0xff, 0xff, 0x04, 0x00, 0x00, 0x00,
  0x58, 0x02, 0x00, 0x00, 0x02, 0x13, 0xd4, 0x81, 0x86, 0xe1, 0x0c, 0x9c, 0xd9, 0xd4, 0x1b, 0xc9,
  0x34, 0x86, 0x2a, 0x14, 0x5a, 0x5c, 0xc8, 0x4b, 0x0a, 0x36, 0xd7, 0xd4, 0x48, 0x0f, 0x73, 0x64,
  0x0d, 0x3b, 0xd7, 0xd4, 0x39, 0x7f, 0xe4, 0x75, 0xdc, 0x7b, 0xbb, 0xf8, 0xef, 0x44, 0xe1, 0x42,
  0xea, 0x4a, 0xf8, 0xd1, 0x62, 0x5d, 0xda, 0x63, 0xdc, 0x3b, 0x35, 0x55, 0x35, 0xed, 0xeb, 0xde,
  0x1e, 0x1b, 0x7f, 0xbb, 0x6f, 0x56, 0x06, 0x35, 0x0a, 0xd7, 0x2a, 0xcc, 0x2e, 0x01, 0x2c, 0xac,
  0x81, 0x04, 0x13, 0xc9, 0xbe, 0xe3, 0xa0, 0x68, 0xba, 0x4a, 0x17, 0xa9, 0x26, 0x0c, 0x6e, 0x38,
  0x4c, 0x12, 0x5a, 0x02, 0x27, 0xd3, 0xce, 0x26, 0xba, 0x56, 0x1a, 0xf9, 0xde, 0x24, 0xd9, 0x28,
  0xfb, 0x07, 0xc3, 0xf6, 0x25, 0x1e, 0x17, 0x81, 0x19, 0xbd, 0x85, 0xad, 0xbd, 0x8d, 0x81, 0xd9,
  0x9d, 0xee, 0x27, 0xf1, 0x16, 0x29, 0x7f, 0x1b, 0x48, 0x0d, 0x20, 0x41, 0x05, 0xc4, 0x28, 0xd3,
  0xe6, 0xad, 0xdf, 0xff, 0xf2, 0x5b, 0x2f, 0xb9, 0x02, 0x14, 0x52, 0x54, 0x0f, 0xbe, 0x03, 0x7f,
  0x24, 0x56, 0xfc, 0x04, 0x2a, 0x39, 0xca, 0x27, 0xf0, 0xff, 0x22, 0x29, 0xe7, 0x8d, 0x30, 0x37,
  0xb7, 0x2f, 0x4c, 0x23, 0x54, 0xaf, 0xaa, 0x3a, 0xff, 0x86, 0x94, 0x85, 0x90, 0x65, 0x39, 0xfc,
  0xcb, 0x2a, 0xea, 0xb2, 0x71, 0xe2, 0x7f, 0x2a, 0x3a, 0xe6, 0x0d, 0x76, 0x27, 0xb1, 0xc1, 0x07,
  0x1c, 0x35, 0x52, 0x44, 0xdc, 0xa9, 0x34, 0x14, 0xcb, 0xfa, 0x81, 0x32, 0x40, 0x04, 0x03, 0xc1,
  0x37, 0xd1, 0xd4, 0xb3, 0xa9, 0xc0, 0xd9, 0xe3, 0x81, 0xaf, 0x20, 0x1c, 0x32, 0x58, 0xee, 0x3a,
  0x19, 0x34, 0xc3, 0xe2, 0xf2, 0x33, 0x36, 0x06, 0x2c, 0x4a, 0x1c, 0x14, 0x76, 0x55, 0x4c, 0x33,
  0x1c, 0x15, 0xdf, 0xfa, 0x65, 0xca, 0x97, 0x81, 0x3a, 0xfa, 0xf8, 0x9e, 0x87, 0x01, 0x55, 0x07,
  0x23, 0x60, 0xe8, 0xf4, 0x9b, 0x58, 0x24, 0x2d, 0xec, 0x1b, 0x4d, 0x81, 0xb4, 0x52, 0x5d, 0x68,
  0x2c, 0xcd, 0xe0, 0xb1, 0x8e, 0x33, 0xe8, 0xd3, 0x9b, 0x3c, 0xf7, 0x4e, 0x61, 0xb3, 0x24, 0xf7,
  0xee, 0xa5, 0x08, 0x52, 0xf0, 0xd2, 0xde, 0xd5, 0xca, 0x83, 0xc6, 0x4c, 0xb0, 0x9f, 0x15, 0xf8,
  0xb7, 0x00, 0x8c, 0x81, 0xf1, 0xc8, 0x3b, 0xab, 0x7a, 0x47, 0x7b, 0xdd, 0xd6, 0xd9, 0x7f, 0x43,
  0xf7, 0xc0, 0x34, 0x54, 0x46, 0xee, 0xda, 0xe6, 0x54, 0x04, 0xdb, 0x2a, 0xe2, 0xfe, 0xfb, 0xe2,
  0x3b, 0x1d, 0x81, 0x39, 0xf6, 0x4a, 0x6f, 0x00, 0x16, 0x9e, 0xd1, 0xb6, 0xca, 0x44, 0x7e, 0xb4,
  0xb9, 0x09, 0x02, 0x26, 0x5f, 0x6e, 0x59, 0x2c, 0xfa, 0x25, 0x2c, 0x53, 0x1f, 0x9d, 0x94, 0xb0,
  0x33, 0xc5, 0xf6, 0xa5, 0x27, 0x49, 0x13, 0xf5, 0x27, 0x05, 0x81, 0xda, 0x52, 0xef, 0xd2, 0xa1,
  0x15, 0x8e, 0x89, 0xb4, 0x47, 0x63, 0xd2, 0x7e, 0x7e, 0x53, 0x2e, 0x46, 0x4a, 0x67, 0xe7, 0xd2,
  0x89, 0x57, 0x91, 0xd6, 0xa1, 0x3c, 0x38, 0xe3, 0x7f, 0x9f, 0x4e, 0x04, 0x49, 0xe3, 0xb8, 0xc1,
  0x34, 0x5f, 0xbf, 0xc2, 0x94, 0x20, 0xcf, 0x10, 0xd2, 0x2c, 0x09, 0xd1, 0xc0, 0x12, 0xa2, 0x4c,
  0x3d, 0x2c, 0x03, 0x4f, 0xd9, 0x7f, 0x53, 0xd4, 0x48, 0x28, 0x4f, 0x0d, 0x51, 0xe5, 0xd6, 0x0d,
  0x1b, 0x1f, 0xe5, 0x27, 0x93, 0x33, 0x8a, 0x81, 0xe9, 0xc5, 0xa5, 0x8c, 0xd5, 0x8c, 0xcb, 0x21,
  0x6f, 0xfe, 0x10, 0x0c, 0x39, 0x98, 0xd7, 0x91, 0xc3, 0x81, 0xf8, 0xbc, 0x00, 0x36, 0xa4, 0x56,
  0x75, 0x3f, 0x34, 0x6d, 0x02, 0xa8, 0x33, 0xca, 0x18, 0xb1, 0x56, 0x36, 0x2b, 0x81, 0xf3, 0x8b,
  0x30, 0x02, 0x61, 0x02, 0xba, 0xd4, 0x5c, 0x72, 0xdd, 0x01, 0xa1, 0x34, 0x2c, 0xf7, 0xc1, 0x0d,
  0xd7, 0x7f, 0x0a, 0xbd, 0xa6, 0x4c, 0xd0, 0x78, 0x2f, 0xfa, 0x6b, 0x7f, 0xd5, 0x0f, 0x35, 0x0a,
  0x1d, 0x9a, 0xa7, 0xf8, 0xb6, 0xc3, 0x0b, 0xd2, 0x88, 0x06, 0xda, 0xe1, 0x3a, 0x08, 0xcc, 0x12,
  0xc5, 0x02, 0x94, 0xda, 0xc1, 0xf1, 0xdb, 0x41, 0x11, 0xf4, 0xff, 0x71, 0xab, 0xe3, 0x7a, 0x51,
  0x7f, 0x5b, 0x3f, 0xde, 0xad, 0x90, 0x9c, 0x60, 0xd1, 0x2d, 0x07, 0x42, 0x34, 0x2a, 0x9a, 0xd6,
  0x66, 0x42, 0x2f, 0xb2, 0x2d, 0x0c, 0x5e, 0xa6, 0x9d, 0x02, 0x6a, 0x7f, 0x5a, 0xeb, 0xff, 0xff,
  0x04, 0x00, 0x00, 0x00, 0x60, 0x00, 0x00, 0x00, 0x5e, 0x87, 0x00, 0x00, 0x0d, 0x65, 0xfe, 0xff,
  0x0e, 0xaa, 0xfe, 0xff, 0x1f, 0x15, 0x00, 0x00, 0x50, 0x88, 0x01, 0x00, 0x1d, 0x6c, 0xff, 0xff,
  0x1a, 0xe6, 0xfe, 0xff, 0xf3, 0x05, 0x00, 0x00, 0x42, 0x8b, 0x00, 0x00, 0x40, 0x3d, 0xff, 0xff,
  0xc2, 0x04, 0x00, 0x00, 0x9d, 0xec, 0xff, 0xff, 0xf9, 0xa4, 0x01, 0x00, 0x3b, 0x14, 0xff, 0xff,
  0x04, 0x43, 0xff, 0xff, 0x1b, 0x57, 0x01, 0x00, 0x4b, 0x97, 0xfe, 0xff, 0x67, 0x34, 0x00, 0x00,
  0x70, 0xee, 0x00, 0x00, 0x3e, 0x04, 0x00, 0x00, 0x85, 0x0d, 0x00, 0x00, 0x5e, 0x04, 0x00, 0x00,
  0xab, 0x97, 0xff, 0xff, 0x3d, 0xb0, 0xff, 0xff, 0xc6, 0xeb, 0xff, 0xff, 0x04, 0x00, 0x00, 0x00,
  0xd8, 0x00, 0x00, 0x00, 0x01, 0xea, 0xea, 0xd4, 0x38, 0x9b, 0x81, 0x2e, 0xc4, 0x81, 0x43, 0x1c,
  0x13, 0xf6, 0x81, 0xc2, 0x3c, 0x50, 0x89, 0x42, 0x50, 0xce, 0x4d, 0x67, 0x42, 0x36, 0x26, 0x90,
  0x2a, 0x1e, 0xd8, 0x0a, 0x65, 0x01, 0x20, 0x53, 0x48, 0xe5, 0x1c, 0x20, 0xbd, 0x36, 0x8c, 0x24,
  0x64, 0x9d, 0xce, 0x3c, 0xbb, 0x7f, 0x70, 0xf3, 0x06, 0x81, 0x45, 0x7f, 0xe4, 0x0a, 0x20, 0x7d,
  0xcb, 0x81, 0x48, 0x7f, 0xcc, 0xf5, 0x81, 0xfc, 0x66, 0x81, 0x25, 0x17, 0x14, 0x35, 0xdb, 0x0f,
  0x1a, 0x17, 0xb7, 0xef, 0xbd, 0x45, 0x4c, 0xf3, 0xde, 0x11, 0x6c, 0xf2, 0x81, 0x52, 0xb5, 0x06,
  0xfb, 0xcf, 0xc3, 0x69, 0x6f, 0xfc, 0x04, 0x88, 0x6d, 0xa0, 0x29, 0xea, 0x46, 0x41, 0xdf, 0x7d,
  0xca, 0x00, 0x61, 0xd2, 0xb8, 0x7f, 0xbb, 0x3a, 0x7f, 0xab, 0xab, 0x29, 0xbd, 0xeb, 0xf9, 0x81,
  0x7f, 0x09, 0x78, 0x37, 0xba, 0xea, 0x7f, 0x6d, 0x17, 0x26, 0x10, 0xe9, 0x1c, 0xca, 0x45, 0x7a,
  0x27, 0xa0, 0x16, 0x7f, 0x12, 0xac, 0x5e, 0x38, 0x06, 0x74, 0x94, 0x21, 0x12, 0x24, 0x42, 0xe8,
  0x23, 0x12, 0xc9, 0xd0, 0x24, 0xfc, 0x76, 0xf5, 0x30, 0xb5, 0x7f, 0xcc, 0x7f, 0x03, 0x81, 0xaa,
  0x16, 0x58, 0xb2, 0x36, 0x7f, 0x6a, 0x1c, 0x74, 0x81, 0x49, 0xa9, 0x64, 0x6e, 0x01, 0x61, 0x36,
  0xed, 0x0a, 0x22, 0xd4, 0x3e, 0xd6, 0xbd, 0xbe, 0xa0, 0xb7, 0x45, 0x33, 0xa3, 0x0f, 0x5b, 0x7f,
  0x34, 0x47, 0xfa, 0xbb, 0xf6, 0x35, 0x55, 0x7f, 0x5b, 0xb6, 0x59, 0x15, 0xaa, 0xec, 0xff, 0xff,
  0x04, 0x00, 0x00, 0x00, 0x60, 0x00, 0x00, 0x00, 0xb1, 0xf3, 0xff, 0xff, 0xdd, 0xfb, 0xff, 0xff,
  0x78, 0x00, 0x00, 0x00, 0x0e, 0x1f, 0x00, 0x00, 0xda, 0xf1, 0xff, 0xff, 0xcb, 0x07, 0x00, 0x00,
  0x0f, 0x08, 0x00, 0x00, 0xe5, 0xf0, 0xff, 0xff, 0x3a, 0xff, 0xff, 0xff, 0x35, 0xfc, 0xff, 0xff,
  0x28, 0xf2, 0xff, 0xff, 0x52, 0xeb, 0xff, 0xff, 0xe4, 0x03, 0x00, 0x00, 0x38, 0xfc, 0xff, 0xff,
  0x53, 0xfd, 0xff, 0xff, 0x18, 0xff, 0xff, 0xff, 0xb2, 0x04, 0x00, 0x00, 0xec, 0xf0, 0xff, 0xff,
  0xb3, 0x08, 0x00, 0x00, 0xf8, 0xf4, 0xff, 0xff, 0x4f, 0xe9, 0xff, 0xff, 0xbb, 0x13, 0x00, 0x00,
  0xd6, 0xf5, 0xff, 0xff, 0xa3, 0xef, 0xff, 0xff, 0x16, 0xed, 0xff, 0xff, 0x04, 0x00, 0x00, 0x00,
  0x80, 0x04, 0x00, 0x00, 0x17, 0xdd, 0x2b, 0xee, 0x24, 0xb2, 0xc7, 0x38, 0xc0, 0xa3, 0x14, 0x44,
  0xc8, 0xd5, 0xd3, 0xdf, 0xd1, 0xbb, 0xc2, 0x4b, 0xd1, 0x81, 0x12, 0x9e, 0x24, 0xc6, 0xc1, 0xa5,
  0xce, 0x30, 0x51, 0xe1, 0x63, 0xc0, 0xd5, 0x7f, 0x3d, 0xe8, 0x54, 0xb3, 0xe0, 0xe9, 0xa1, 0xff,
  0x20, 0xa2, 0xb3, 0xa7, 0xa9, 0xfc, 0xe0, 0x40, 0x22, 0xdf, 0x4b, 0xdb, 0xf1, 0x46, 0xec, 0xf1,
  0x28, 0xd8, 0xda, 0x28, 0x15, 0xd7, 0x7f, 0xf1, 0xfd, 0x3d, 0x13, 0xf2, 0x24, 0xca, 0xaa, 0xd0,
  0xcf, 0x2f, 0xb3, 0x5c, 0xef, 0x29, 0xf6, 0x1e, 0xd9, 0xe2, 0x54, 0x13, 0x3a, 0x11, 0x0e, 0x42,
  0xf9, 0x81, 0xc1, 0xcd, 0xe7, 0xba, 0x5c, 0x82, 0xe9, 0x17, 0x95, 0x42, 0xbf, 0xb6, 0xf7, 0x49,
  0xb9, 0x36, 0x05, 0xd1, 0x55, 0xdf, 0xa8, 0x16, 0x22, 0x81, 0x4e, 0xa6, 0x11, 0xd8, 0x1b, 0x81,
  0xc0, 0x60, 0x4e, 0x2f, 0x50, 0xd7, 0xe7, 0x17, 0x4f, 0x4e, 0x5c, 0xd0, 0x6f, 0xee, 0x16, 0x52,
  0xf8, 0xd8, 0x4b, 0xd6, 0x32, 0xcc, 0xb8, 0xd2, 0xcf, 0xb1, 0xaf, 0xa3, 0x9a, 0x7f, 0x2f, 0x57,
  0x41, 0x36, 0xa7, 0xb6, 0x9d, 0x1e, 0x0f, 0xe3, 0x1f, 0xda, 0x55, 0x95, 0x99, 0x95, 0xc3, 0x5c,
  0x1d, 0xe7, 0x5b, 0xa8, 0x15, 0x7f, 0xd2, 0x48, 0xb8, 0xcc, 0x39, 0x32, 0xff, 0x98, 0xd9, 0xbd,
  0x47, 0x3b, 0x2d, 0x53, 0x7f, 0x30, 0xed, 0x04, 0x19, 0x48, 0x49, 0x2d, 0x1b, 0xac, 0xc1, 0x30,
  0xcb, 0x6a, 0x38, 0x01, 0x31, 0x6e, 0x06, 0xaa, 0xdb, 0xf1, 0xad, 0xe3, 0x3b, 0x2f, 0xb5, 0x4c,
  0x61, 0xce, 0x7f, 0x45, 0x25, 0xb2, 0x21, 0x5b, 0xa4, 0xf0, 0x16, 0xc2, 0xda, 0x35, 0xf5, 0x76,
  0xe4, 0xdb, 0xb8, 0x55, 0xe1, 0x98, 0x4d, 0xfd, 0xb9, 0x04, 0x6e, 0x3b, 0x61, 0xfc, 0x7f, 0x05,
  0xc6, 0x0e, 0x92, 0x3d, 0x0f, 0xda, 0xb5, 0x5b, 0x4e, 0xa4, 0xb1, 0x0d, 0xd3, 0x1f, 0xf1, 0x3b,
  0x41, 0xe9, 0x6b, 0x41, 0xbe, 0xd5, 0x71, 0xa0, 0xf1, 0xd4, 0x9a, 0x54, 0x5c, 0x60, 0xf9, 0xfe,
  0xf2, 0x2a, 0x7f, 0xfd, 0xb4, 0xec, 0xce, 0x25, 0xbd, 0x53, 0x32, 0x25, 0x13, 0xb1, 0xe4, 0xbb,
  0x81, 0x16, 0xda, 0x2b, 0x5d, 0xe1, 0x94, 0xb8, 0xfe, 0x4b, 0x61, 0xd2, 0x44, 0x58, 0x09, 0x81,
  0x13, 0xcc, 0xcd, 0x55, 0xa7, 0xb1, 0x0a, 0x1d, 0x4a, 0xb1, 0xec, 0x0d, 0x2a, 0xf5, 0x3d, 0xee,
  0xc6, 0x21, 0xbe, 0x5e, 0xab, 0xab, 0xcd, 0x88, 0x18, 0xfc, 0xcd, 0x53, 0x51, 0xa5, 0x2c, 0x55,
  0x46, 0xd0, 0xaa, 0xb4, 0x46, 0xf3, 0xbe, 0x7f, 0x6c, 0xba, 0x93, 0x0a, 0x89, 0xfa, 0x04, 0x6b,
  0xd7, 0x9b, 0x3b, 0x55, 0x93, 0x81, 0xe2, 0x6d, 0x0b, 0xf8, 0x87, 0x4c, 0x85, 0x0f, 0xcb, 0xf3,
  0xe5, 0xab, 0xc3, 0x9f, 0x55, 0x81, 0x62, 0x9b, 0x37, 0x66, 0x3b, 0xcf, 0xa1, 0x40, 0x02, 0x09,
  0x15, 0x17, 0x77, 0x63, 0xb9, 0x88, 0xda, 0x42, 0x4a, 0x6e, 0xe0, 0xb7, 0x67, 0xf0, 0xea, 0x5d,
  0x72, 0xc1, 0xa5, 0x69, 0x27, 0x67, 0x58, 0xcb, 0x32, 0xa8, 0x75, 0x5a, 0xdb, 0x6f, 0xd3, 0x76,
  0xf1, 0x4a, 0x81, 0x2f, 0xc7, 0xcf, 0xc5, 0x81, 0xe3, 0x22, 0xe8, 0x7e, 0xc3, 0x3d, 0x4d, 0xb2,
  0x06, 0x31, 0x2a, 0x5e, 0x19, 0xd8, 0x4a, 0x5e, 0xe4, 0x98, 0xc3, 0xcf, 0xb4, 0x61, 0xc3, 0xaa,
  0x6c, 0x05, 0xd7, 0x70, 0xd9, 0x69, 0xf4, 0x5d, 0x62, 0x12, 0xb4, 0x4e, 0x5e, 0x7f, 0xfe, 0x41,
  0xbd, 0xe2, 0x07, 0xa2, 0xd4, 0x17, 0x07, 0x0f, 0xd9, 0xed, 0xad, 0x55, 0xdd, 0x57, 0x67, 0x41,
  0xc9, 0xbb, 0x57, 0x16, 0x7f, 0x37, 0x89, 0x71, 0xb2, 0x25, 0x73, 0xfd, 0x0d, 0xa1, 0x4f, 0x02,
  0xe5, 0x6a, 0x12, 0xe6, 0x6a, 0xd8, 0x7f, 0x4b, 0x2f, 0xd2, 0x47, 0xcb, 0xa6, 0x33, 0xee, 0xfb,
  0x47, 0xdb, 0x4c, 0xd7, 0xe0, 0xe5, 0xfc, 0x0f, 0x6c, 0xa8, 0xd1, 0xc8, 0x5e, 0x0e, 0x0d, 0xb5,
  0x7f, 0x5a, 0xa5, 0x6f, 0x43, 0xe0, 0xdf, 0x64, 0x32, 0xf5, 0xf4, 0x4a, 0x3f, 0x41, 0x3f, 0xa3,
  0x6e, 0x65, 0xc3, 0x11, 0x49, 0xbc, 0x32, 0x21, 0xb1, 0xed, 0x3c, 0xce, 0xb3, 0x48, 0xbe, 0x06,
  0xe0, 0x03, 0x23, 0x81, 0xef, 0x39, 0x76, 0x70, 0xdc, 0x3a, 0x33, 0x5c, 0x8c, 0xb1, 0xa5, 0xdd,
  0xe1, 0xcc, 0xf9, 0xd8, 0x55, 0xb9, 0x0e, 0xea, 0xd1, 0xdb, 0x81, 0xcc, 0x0c, 0x99, 0xa4, 0x2d,
  0xb9, 0x51, 0x37, 0x07, 0x3e, 0x07, 0x57, 0xc4, 0xdc, 0x85, 0xef, 0x21, 0xa8, 0x1f, 0x81, 0xd3,
  0x0f, 0xb0, 0xdf, 0xc5, 0x20, 0xe7, 0xc3, 0x2f, 0x21, 0x23, 0x37, 0x1d, 0xdd, 0xb1, 0x7f, 0x05,
  0x3e, 0x2c, 0x12, 0x6b, 0xbc, 0x4e, 0x29, 0x54, 0x18, 0xcb, 0x6f, 0xde, 0xdc, 0xeb, 0xa3, 0x1c,
  0x58, 0x08, 0x0f, 0x8f, 0xf3, 0x2f, 0xab, 0x6b, 0xa7, 0x8b, 0x92, 0xa9, 0x81, 0xa3, 0xc8, 0xb9,
  0x3b, 0xbd, 0x66, 0xa7, 0x07, 0xc4, 0x3a, 0x94, 0xc6, 0x66, 0x05, 0x74, 0xa5, 0xd2, 0xda, 0x27,
  0x16, 0xd8, 0x20, 0x62, 0x05, 0x2c, 0x51, 0x7f, 0xe7, 0x5a, 0xf9, 0xf8, 0x41, 0x17, 0xf0, 0x81,
  0x16, 0xa9, 0x0f, 0xea, 0x1e, 0x08, 0x2d, 0xea, 0xa1, 0xc7, 0x38, 0x30, 0x38, 0xe8, 0x0c, 0x34,
  0x0d, 0x12, 0x16, 0xa6, 0x3c, 0x95, 0xa7, 0x8d, 0x57, 0x39, 0xdf, 0x6e, 0xc2, 0x0d, 0xb0, 0xfa,
  0xd3, 0x02, 0x22, 0xf2, 0x40, 0xe8, 0xe4, 0xe6, 0xad, 0xe2, 0x7f, 0x27, 0x0d, 0x0e, 0x17, 0x30,
  0x47, 0xe3, 0x9f, 0x1d, 0x47, 0xf4, 0x04, 0x7f, 0x26, 0xf3, 0x0f, 0xbc, 0xc0, 0x2b, 0x47, 0xce,
  0x27, 0x28, 0x0c, 0x23, 0x63, 0xd3, 0xf8, 0x8e, 0xc8, 0xbe, 0xad, 0x46, 0x34, 0x14, 0x44, 0x7f,
  0xa2, 0x04, 0xfd, 0xfb, 0x0c, 0x65, 0xec, 0xc1, 0x4e, 0x42, 0x17, 0x2c, 0x46, 0x5f, 0x4b, 0xc3,
  0xc8, 0x11, 0xdd, 0x02, 0xac, 0x04, 0x6b, 0x0a, 0x64, 0xf1, 0x7f, 0xa4, 0xb0, 0x0c, 0x01, 0xcb,
  0x0b, 0xde, 0x17, 0x46, 0x62, 0xac, 0x1d, 0xc1, 0xcd, 0xd5, 0x6e, 0x7f, 0xd6, 0x1f, 0x68, 0x37,
  0x59, 0x1d, 0x46, 0xce, 0x12, 0x27, 0x58, 0xcc, 0xb9, 0x53, 0xfa, 0xbf, 0x6f, 0x74, 0xfe, 0xd6,
  0xfb, 0xbb, 0x27, 0xf2, 0xe3, 0x81, 0xd5, 0xf0, 0xa8, 0xf3, 0x14, 0xf1, 0x30, 0xe1, 0x57, 0xee,
  0xd5, 0xc5, 0x19, 0x1a, 0xd3, 0xf0, 0x9f, 0xdc, 0x7d, 0x7a, 0x2b, 0x00, 0x30, 0xc7, 0x95, 0x7f,
  0xe6, 0xf4, 0x8b, 0x98, 0xd3, 0x8c, 0xbd, 0x01, 0xce, 0xac, 0xb7, 0xfa, 0x12, 0x57, 0x9f, 0x3f,
  0x54, 0xf7, 0x6c, 0xaa, 0x69, 0x0b, 0xa3, 0xe3, 0xf7, 0x27, 0x44, 0x81, 0xc0, 0x6a, 0x0b, 0xe4,
  0xb8, 0x0c, 0xd8, 0x14, 0xbe, 0x81, 0xec, 0x58, 0xcc, 0x6f, 0x39, 0xdf, 0xe2, 0xb4, 0x0a, 0xcb,
  0x47, 0x27, 0xac, 0x4c, 0xa1, 0x70, 0xa9, 0x9e, 0xc0, 0x41, 0xa7, 0xe9, 0xea, 0xaf, 0xce, 0xc9,
  0xa6, 0x51, 0x02, 0xf0, 0xcf, 0xca, 0x25, 0x27, 0xd3, 0xc5, 0x31, 0xb6, 0xdb, 0xec, 0xd4, 0x2e,
  0x1e, 0x81, 0x1c, 0xe1, 0x28, 0x0e, 0x38, 0x5b, 0xdf, 0x70, 0xaf, 0x32, 0xd5, 0x23, 0x2e, 0x7f,
  0xee, 0x5f, 0xc0, 0x08, 0xf3, 0x41, 0x4c, 0xb6, 0x75, 0x44, 0x8d, 0xf2, 0x20, 0x28, 0x32, 0xbf,
  0x87, 0x5a, 0xdf, 0xf2, 0xfb, 0xa9, 0xdf, 0xe9, 0xa9, 0xc2, 0xe0, 0xe9, 0x21, 0x81, 0x39, 0x31,
  0xda, 0xc3, 0xdf, 0x1a, 0x0e, 0xc1, 0x50, 0xa7, 0x62, 0x12, 0xf6, 0xf8, 0xdd, 0x4f, 0xde, 0xff,
  0x98, 0xc4, 0xda, 0xbd, 0xe8, 0x02, 0xfb, 0x3a, 0xb4, 0x7f, 0x0c, 0x95, 0xfa, 0x09, 0xc6, 0xca,
  0x54, 0xef, 0x2c, 0x81, 0xd3, 0x58, 0x16, 0x0a, 0xde, 0xdf, 0x9f, 0xb4, 0xab, 0x2a, 0x19, 0x69,
  0x4e, 0x04, 0xcb, 0x99, 0x13, 0xef, 0x1f, 0xd3, 0x21, 0x33, 0x71, 0x40, 0x1c, 0x04, 0x30, 0xe2,
  0x7f, 0x38, 0x2d, 0xfd, 0xe9, 0x73, 0x9d, 0x23, 0xf1, 0x1f, 0x71, 0x4d, 0xbb, 0x77, 0x26, 0xde,
  0xfa, 0x19, 0x9b, 0xf2, 0xba, 0x12, 0x39, 0xf2, 0x00, 0x50, 0xd5, 0x04, 0x56, 0xe8, 0x6c, 0x5a,
  0xe3, 0xf8, 0x7f, 0x4e, 0x40, 0x81, 0xff, 0x64, 0x96, 0x5e, 0xdb, 0x10, 0xd7, 0xc3, 0xd0, 0x59,
  0xba, 0xfa, 0x51, 0x42, 0xf0, 0x23, 0x03, 0x78, 0x00, 0xdb, 0xb4, 0xb2, 0x5c, 0xd8, 0x06, 0xaf,
  0xb2, 0xbe, 0xf6, 0x41, 0x7c, 0x85, 0x23, 0x75, 0xf5, 0x85, 0xdd, 0xe3, 0x04, 0xcf, 0xf6, 0x46,
  0x2f, 0x9b, 0xe4, 0x81, 0xa2, 0xf1, 0xff, 0xff, 0x04, 0x00, 0x00, 0x00, 0xc0, 0x00, 0x00, 0x00,
  0x51, 0x11, 0x00, 0x00, 0xda, 0x0a, 0x00, 0x00, 0xfa, 0xfa, 0xff, 0xff, 0x88, 0x04, 0x00, 0x00,
  0x3b, 0x0e, 0x00, 0x00, 0xa7, 0xf8, 0xff, 0xff, 0xb8, 0x07, 0x00, 0x00, 0x4c, 0x00, 0x00, 0x00,
  0x80, 0xf7, 0xff, 0xff, 0x2a, 0xf3, 0xff, 0xff, 0x26, 0x01, 0x00, 0x00, 0x6e, 0xf3, 0xff, 0xff,
  0x96, 0x05, 0x00, 0x00, 0x55, 0x00, 0x00, 0x00, 0xeb, 0x08, 0x00, 0x00, 0x0c, 0x0d, 0x00, 0x00,
  0xf1, 0xfa, 0xff, 0xff, 0x3e, 0xed, 0xff, 0xff, 0xd6, 0x03, 0x00, 0x00, 0x8b, 0xf3, 0xff, 0xff,
  0xce, 0xf5, 0xff, 0xff, 0x35, 0xf8, 0xff, 0xff, 0xeb, 0xf8, 0xff, 0xff, 0x0b, 0x00, 0x00, 0x00,
  0xcb, 0x06, 0x00, 0x00, 0xec, 0x0c, 0x00, 0x00, 0xd1, 0xf1, 0xff, 0xff, 0x9f, 0x12, 0x00, 0x00,
  0x97, 0xf6, 0xff, 0xff, 0xec, 0x04, 0x00, 0x00, 0xb6, 0x02, 0x00, 0x00, 0x8b, 0xf5, 0xff, 0xff,
  0x3d, 0xfa, 0xff, 0xff, 0xc2, 0xf9, 0xff, 0xff, 0x04, 0xf3, 0xff, 0xff, 0xa1, 0x03, 0x00, 0x00,
  0x3f, 0x0e, 0x00, 0x00, 0x31, 0xfd, 0xff, 0xff, 0x80, 0x06, 0x00, 0x00, 0x0d, 0x0d, 0x00, 0x00,
  0x6b, 0xef, 0xff, 0xff, 0x45, 0x0e, 0x00, 0x00, 0xae, 0x03, 0x00, 0x00, 0xb1, 0x05, 0x00, 0x00,
  0xe0, 0xeb, 0xff, 0xff, 0xd9, 0xf3, 0xff, 0xff, 0x3a, 0x00, 0x00, 0x00, 0x78, 0x0b, 0x00, 0x00,
  0x6e, 0xf2, 0xff, 0xff, 0x04, 0x00, 0x00, 0x00, 0xb0, 0x01, 0x00, 0x00, 0x97, 0x71, 0x32, 0x32,
  0x4d, 0x97, 0x9c, 0xd1, 0x81, 0x5d, 0x50, 0xb1, 0x5d, 0x3c, 0x6f, 0x2b, 0x69, 0xfd, 0x3b, 0xf3,
  0x81, 0xa2, 0xbc, 0x3f, 0x34, 0x7f, 0xc2, 0x33, 0xc4, 0xb4, 0x81, 0xef, 0x8b, 0x61, 0x5e, 0x5b,
  0x81, 0x32, 0xad, 0x31, 0x1e, 0x2e, 0x47, 0x2c, 0x00, 0xe7, 0xa3, 0x98, 0x9d, 0xbc, 0x1b, 0x52,
  0x81, 0x44, 0x85, 0xa8, 0x35, 0x7f, 0x81, 0x12, 0x7f, 0xef, 0x86, 0x8a, 0x48, 0xb5, 0xc3, 0x11,
  0x8e, 0x92, 0x81, 0x94, 0xae, 0x7a, 0x89, 0x06, 0x81, 0x3a, 0x02, 0xe1, 0xfa, 0x70, 0x2e, 0x6c,
  0xd3, 0xd0, 0xa7, 0x7f, 0x81, 0x8f, 0x68, 0xee, 0x50, 0xe3, 0xf9, 0x5b, 0x8f, 0x81, 0x1c, 0x81,
  0x56, 0xe0, 0x9c, 0x88, 0x9f, 0x16, 0x56, 0xa6, 0x84, 0x81, 0x7f, 0x49, 0x33, 0xb8, 0x15, 0x95,
  0xba, 0x9e, 0x08, 0x8e, 0x45, 0x19, 0xb4, 0x09, 0xbf, 0x17, 0xe3, 0xf5, 0x81, 0x03, 0x6f, 0x7f,
  0xbe, 0x3e, 0x35, 0x96, 0x7d, 0xcc, 0x7f, 0x1a, 0xe1, 0x81, 0x9a, 0x2c, 0xd5, 0x31, 0xb2, 0x06,
  0x2c, 0x0c, 0xd1, 0xd5, 0xcf, 0xc1, 0xd3, 0xa8, 0x9c, 0x1e, 0x24, 0x9e, 0x81, 0x1b, 0xfc, 0x84,
  0x0f, 0x81, 0x24, 0xeb, 0xa1, 0x7d, 0xeb, 0xfb, 0xee, 0x4d, 0x06, 0xe6, 0xf0, 0xa5, 0xce, 0xc2,
  0xe4, 0xfb, 0xb3, 0x0f, 0x1e, 0x3a, 0x08, 0x81, 0x19, 0xff, 0x0d, 0xc1, 0xd4, 0x25, 0x81, 0xff,
  0x8b, 0xda, 0x20, 0x9e, 0xac, 0xc0, 0xf1, 0xb5, 0x14, 0xd1, 0xf7, 0x30, 0xab, 0x01, 0x12, 0x21,
  0x40, 0xa0, 0x30, 0xcc, 0x51, 0x76, 0xaa, 0x7f, 0x00, 0xf8, 0x19, 0x81, 0x8a, 0x16, 0x30, 0xbf,
  0x03, 0x5a, 0x3f, 0xf5, 0x8b, 0xcc, 0xc2, 0xda, 0x7f, 0xf9, 0x81, 0x7f, 0x38, 0xd2, 0xaf, 0xe8,
  0x35, 0x25, 0x09, 0xc0, 0xcd, 0x92, 0x42, 0x81, 0x3a, 0x99, 0xf1, 0xa8, 0x09, 0x02, 0xf6, 0xa4,
  0x55, 0xa2, 0x4c, 0x11, 0xda, 0x6e, 0x81, 0x1b, 0xfa, 0x17, 0x43, 0x6d, 0xb9, 0x8b, 0x34, 0xbc,
  0xd3, 0xc4, 0x8c, 0x12, 0x21, 0x19, 0xfa, 0xc7, 0xfe, 0xeb, 0x2b, 0xd3, 0xc4, 0x40, 0xd5, 0x1e,
  0x41, 0x81, 0x72, 0x24, 0x03, 0xc1, 0x23, 0xf7, 0x8a, 0x3c, 0xeb, 0xa5, 0xae, 0xd3, 0x57, 0x81,
  0x11, 0xed, 0x77, 0xd4, 0x66, 0x0c, 0x5b, 0x30, 0x18, 0x7d, 0x1f, 0xb4, 0xd4, 0x81, 0xc6, 0xc8,
  0x4d, 0x4e, 0xee, 0xe8, 0x14, 0x21, 0x9a, 0x91, 0x23, 0x36, 0x0b, 0xd0, 0x81, 0xc4, 0x11, 0xca,
  0x9c, 0x46, 0x7f, 0x5e, 0x49, 0xd1, 0x32, 0x4d, 0x65, 0x10, 0x6a, 0x81, 0xb4, 0x81, 0x81, 0x1d,
  0x68, 0x67, 0x5b, 0xae, 0x81, 0x0b, 0x3e, 0xd2, 0x19, 0x81, 0x5e, 0xdd, 0x6c, 0xda, 0x81, 0xc6,
  0xc4, 0x81, 0x81, 0xbc, 0x9c, 0xe6, 0xc8, 0x0e, 0x20, 0xf6, 0xd7, 0x64, 0x48, 0x9a, 0xc9, 0x0d,
  0x21, 0x30, 0x4b, 0x7f, 0x33, 0x27, 0xac, 0x38, 0xad, 0x9e, 0xa8, 0xf5, 0xd1, 0xef, 0x56, 0x9a,
  0xc7, 0x02, 0x6e, 0x7f, 0x43, 0xb9, 0x30, 0xe0, 0x2f, 0x35, 0x54, 0x0a, 0x13, 0x57, 0x34, 0xbf,
  0x19, 0x09, 0x3a, 0x52, 0xc2, 0x81, 0xb4, 0xa5, 0x09, 0xb9, 0x11, 0xe2, 0x2a, 0xf4, 0xff, 0xff,
  0x04, 0x00, 0x00, 0x00, 0xc0, 0x00, 0x00, 0x00, 0xa1, 0x11, 0x00, 0x00, 0x2a, 0x04, 0x00, 0x00,
  0x54, 0x0c, 0x00, 0x00, 0x24, 0x02, 0x00, 0x00, 0x95, 0x07, 0x00, 0x00, 0x5c, 0x00, 0x00, 0x00,
  0xd4, 0xfd, 0xff, 0xff, 0x83, 0x0a, 0x00, 0x00, 0x99, 0x0a, 0x00, 0x00, 0x84, 0x04, 0x00, 0x00,
  0x74, 0x00, 0x00, 0x00, 0x02, 0x0e, 0x00, 0x00, 0x29, 0xfe, 0xff, 0xff, 0x05, 0x09, 0x00, 0x00,
  0x76, 0xfd, 0xff, 0xff, 0xa3, 0x0b, 0x00, 0x00, 0xce, 0x09, 0x00, 0x00, 0x43, 0x0a, 0x00, 0x00,
  0x15, 0x00, 0x00, 0x00, 0x0d, 0x0f, 0x00, 0x00, 0x88, 0xfe, 0xff, 0xff, 0x4a, 0x19, 0x00, 0x00,
  0x49, 0xf5, 0xff, 0xff, 0x70, 0x0a, 0x00, 0x00, 0x2b, 0x00, 0x00, 0x00, 0x54, 0xea, 0xff, 0xff,
  0xba, 0x0d, 0x00, 0x00, 0x34, 0xf9, 0xff, 0xff, 0xb4, 0x07, 0x00, 0x00, 0x9d, 0xfb, 0xff, 0xff,
  0x42, 0xfa, 0xff, 0xff, 0x23, 0x09, 0x00, 0x00, 0x57, 0x10, 0x00, 0x00, 0x9a, 0xff, 0xff, 0xff,
  0x41, 0xfb, 0xff, 0xff, 0x46, 0x02, 0x00, 0x00, 0xd7, 0x07, 0x00, 0x00, 0xec, 0xfe, 0xff, 0xff,
  0x0f, 0x08, 0x00, 0x00, 0x07, 0xfd, 0xff, 0xff, 0x1b, 0x09, 0x00, 0x00, 0x8c, 0x06, 0x00, 0x00,
  0xe2, 0x00, 0x00, 0x00, 0x0c, 0x0d, 0x00, 0x00, 0xb3, 0xf2, 0xff, 0xff, 0xc3, 0x05, 0x00, 0x00,
  0x66, 0x0b, 0x00, 0x00, 0x8d, 0xf9, 0xff, 0xff, 0xf6, 0xf4, 0xff, 0xff, 0x04, 0x00, 0x00, 0x00,
  0x00, 0x09, 0x00, 0x00, 0xd3, 0x9b, 0x42, 0xb3, 0x62, 0x00, 0x61, 0xf4, 0x4f, 0x2f, 0x57, 0x52,
  0xe9, 0xed, 0x7f, 0x2a, 0xcd, 0x36, 0xfa, 0x42, 0x28, 0x1f, 0xad, 0x2f, 0x1f, 0xf4, 0xa2, 0x3d,
  0xc9, 0x19, 0xfc, 0x58, 0x92, 0x06, 0xd6, 0x1f, 0xb4, 0xdf, 0xb6, 0xd7, 0x37, 0x2b, 0xd3, 0xc6,
  0xa3, 0xba, 0x00, 0x2c, 0x4d, 0x24, 0x21, 0x49, 0x7f, 0xef, 0x1a, 0x41, 0xdd, 0xb4, 0x06, 0x1e,
  0xe8, 0x34, 0xed, 0xbe, 0x30, 0x14, 0x25, 0xc7, 0xc1, 0xcc, 0xfd, 0xc0, 0x2f, 0x2b, 0xad, 0x16,
  0x1b, 0x45, 0xdf, 0x0e, 0xc0, 0x06, 0xcf, 0xd2, 0x3f, 0x13, 0xe7, 0x2d, 0xd2, 0xf2, 0xa2, 0xc9,
  0xa1, 0x3b, 0xdb, 0x1b, 0xfa, 0x2b, 0x69, 0x8d, 0xa0, 0xd3, 0x1a, 0x81, 0xe6, 0x0a, 0xff, 0xe1,
  0xdb, 0x05, 0xb3, 0xf1, 0xba, 0xb2, 0x07, 0x1a, 0x1a, 0x1e, 0xd3, 0xea, 0xe4, 0x17, 0xfe, 0xf8,
  0x38, 0xf5, 0x2f, 0xe0, 0xf4, 0x08, 0x00, 0x17, 0xb7, 0xb7, 0x10, 0xc9, 0xe8, 0xc5, 0xd9, 0xfe,
  0x22, 0x32, 0x3e, 0x9c, 0xd4, 0xe2, 0xf7, 0xf2, 0xe4, 0xe5, 0xd1, 0xcc, 0x01, 0xd6, 0xbf, 0x33,
  0x35, 0xf4, 0xcd, 0x2e, 0x17, 0xfb, 0xc6, 0xa7, 0x00, 0x42, 0x49, 0xce, 0xaf, 0x26, 0x7f, 0xb9,
  0x36, 0x1e, 0xc0, 0xc5, 0x25, 0x2e, 0x25, 0x13, 0xe9, 0x10, 0xfb, 0x08, 0xe1, 0xa7, 0x1e, 0xbe,
  0xee, 0xf7, 0x40, 0xee, 0x08, 0x04, 0x2a, 0x28, 0x6f, 0x17, 0x02, 0x2a, 0x4d, 0x81, 0xde, 0xb9,
  0xbc, 0x11, 0x00, 0x18, 0x09, 0x5c, 0x26, 0x2c, 0x1e, 0xb6, 0xfd, 0x28, 0x2e, 0x29, 0x02, 0x0c,
  0x00, 0x12, 0x17, 0x0d, 0x1a, 0x15, 0x11, 0xbf, 0x00, 0x4f, 0x22, 0x72, 0x26, 0xb6, 0x9b, 0x1e,
  0xcf, 0x39, 0x0f, 0x16, 0xc3, 0xb3, 0xed, 0x96, 0x01, 0x11, 0x0f, 0x8b, 0x08, 0x7f, 0xb6, 0x42,
  0xc8, 0x00, 0x0c, 0x49, 0x9a, 0x44, 0x12, 0x43, 0x0f, 0x6f, 0x37, 0x2d, 0xd1, 0xc9, 0xfd, 0x43,
  0xf8, 0x34, 0xcc, 0xa1, 0x3d, 0xee, 0xc1, 0x3b, 0x9d, 0xe2, 0x1b, 0x08, 0x00, 0xf3, 0xbc, 0xa9,
  0x4c, 0x18, 0x8c, 0x9a, 0xd5, 0xdd, 0xfd, 0xee, 0x12, 0xf3, 0x0d, 0x0f, 0xb8, 0x4f, 0x3f, 0xdf,
  0x40, 0x4d, 0x96, 0xd3, 0x47, 0x06, 0xf2, 0x17, 0xde, 0xf3, 0xdf, 0xec, 0xe8, 0x99, 0xce, 0xce,
  0xfd, 0x23, 0xf4, 0xd7, 0x13, 0x2e, 0x00, 0x7f, 0x9b, 0x3e, 0x25, 0x0b, 0x28, 0xb3, 0x57, 0xb9,
  0x15, 0xbf, 0x01, 0xdb, 0x3a, 0x5c, 0x08, 0x0d, 0x36, 0x47, 0x26, 0x48, 0x0e, 0xc6, 0x4c, 0x28,
  0x0b, 0x53, 0xda, 0xa6, 0x14, 0x4e, 0x1a, 0xff, 0xb8, 0x91, 0xb9, 0x03, 0xe7, 0x45, 0xb2, 0x28,
  0x36, 0xd5, 0x0a, 0xac, 0x0e, 0xc1, 0xf6, 0xa7, 0xd9, 0x7f, 0x58, 0x18, 0xdf, 0x00, 0xca, 0x14,
  0xa4, 0xaf, 0x5e, 0xe6, 0x30, 0xec, 0x08, 0xfe, 0x2c, 0x31, 0x28, 0x29, 0x48, 0xad, 0x48, 0xab,
  0xc5, 0x1f, 0xf3, 0xd1, 0xa4, 0x3a, 0x44, 0x46, 0x2c, 0x00, 0xd9, 0xc4, 0x20, 0x1b, 0xb3, 0xe5,
  0xec, 0x4d, 0xb2, 0x47, 0xfc, 0x2a, 0xac, 0xe9, 0x00, 0x41, 0x46, 0x7f, 0xa2, 0xce, 0xef, 0xda,
  0x9a, 0x19, 0xd5, 0x4e, 0x98, 0xc4, 0xd8, 0x48, 0xe8, 0x32, 0xf4, 0xf7, 0x5d, 0xcf, 0x52, 0xc9,
  0xc5, 0xee, 0x6e, 0x13, 0x81, 0xce, 0xcd, 0x29, 0xae, 0xad, 0xce, 0xef, 0x08, 0x12, 0xb8, 0x1e,
  0x14, 0xe1, 0xed, 0x61, 0xdb, 0xa6, 0xae, 0xff, 0xdb, 0x0e, 0xe5, 0x58, 0xa7, 0xf1, 0x88, 0x0d,
  0x0b, 0xdc, 0xe2, 0x43, 0x1f, 0x37, 0x48, 0xe8, 0x22, 0x16, 0x2a, 0x5f, 0x4e, 0x12, 0x2d, 0xca,
  0x0c, 0xdf, 0xdc, 0xdb, 0x89, 0x3e, 0x35, 0xd7, 0xff, 0x87, 0xb0, 0x23, 0x0e, 0x07, 0x29, 0x01,
  0x0f, 0x29, 0xd4, 0x2c, 0x95, 0x00, 0x18, 0xd5, 0xe7, 0x57, 0x2e, 0x77, 0x39, 0x0b, 0x81, 0xf8,
  0xa6, 0x38, 0x55, 0x0e, 0xf4, 0x29, 0xa7, 0xe3, 0x7f, 0x1c, 0x5f, 0xda, 0x21, 0xfd, 0x70, 0xdb,
  0xee, 0xbe, 0xf0, 0xcc, 0x1f, 0xcf, 0xf2, 0x29, 0x9d, 0x11, 0x45, 0x0c, 0xcb, 0x2e, 0xb2, 0x4a,
  0xe7, 0xcd, 0xc7, 0x4c, 0x8d, 0xd5, 0xc0, 0xe9, 0xa2, 0x53, 0xe9, 0xd4, 0x4a, 0x36, 0x10, 0xf0,
  0x14, 0x2f, 0xc2, 0x49, 0xe5, 0xb8, 0x26, 0x3f, 0xe8, 0xfc, 0x56, 0x72, 0xb7, 0xbc, 0xda, 0x3b,
  0x44, 0xc6, 0x23, 0xbc, 0xea, 0xdb, 0xd1, 0x6b, 0x1c, 0x28, 0x9a, 0xbe, 0x06, 0x20, 0x9b, 0x07,
  0x2f, 0x13, 0xb2, 0xa7, 0x59, 0xeb, 0x34, 0x26, 0x72, 0x44, 0x2d, 0x7f, 0xbc, 0xc8, 0x9e, 0x1e,
  0xca, 0x63, 0xde, 0x06, 0xf4, 0xf2, 0x2d, 0xdb, 0xd8, 0x25, 0x4c, 0xdf, 0xe5, 0x2d, 0x9d, 0x09,
  0x91, 0x9c, 0x26, 0xbf, 0xa9, 0x9e, 0xff, 0xc3, 0xbf, 0x66, 0xca, 0x7f, 0xac, 0x31, 0xe1, 0xe6,
  0xa4, 0xb1, 0xed, 0xde, 0x38, 0xbc, 0x93, 0x21, 0x1b, 0xf0, 0x2f, 0xd9, 0x39, 0xd5, 0x3f, 0xf3,
  0x43, 0xb6, 0xd7, 0xb3, 0x13, 0x0a, 0x39, 0xec, 0xbe, 0xd1, 0xec, 0xa4, 0x14, 0x20, 0x03, 0x4d,
  0x36, 0xbc, 0xa8, 0x39, 0xaf, 0xb9, 0xbe, 0x9c, 0x0a, 0x30, 0x1c, 0x30, 0xd9, 0xc0, 0x7f, 0x34,
  0xf4, 0xbf, 0xe9, 0x19, 0x32, 0xd1, 0xcd, 0x48, 0x19, 0x2b, 0xb0, 0xe9, 0x0d, 0x04, 0xf8, 0xa8,
  0x4f, 0x4c, 0x8b, 0xe0, 0xee, 0x40, 0x50, 0xd8, 0x8a, 0xce, 0xdf, 0xee, 0x6e, 0xcf, 0x04, 0x7f,
  0xb4, 0xb1, 0x30, 0xf9, 0xef, 0x28, 0x99, 0xea, 0xb4, 0x09, 0x33, 0x46, 0xed, 0xfd, 0xf2, 0xbb,
  0xe2, 0x24, 0x06, 0xab, 0x3c, 0xac, 0x14, 0x55, 0x33, 0x12, 0xef, 0xf9, 0xc1, 0x2f, 0xc7, 0x2e,
  0x1a, 0x0f, 0x0d, 0x9b, 0x48, 0x23, 0x40, 0xb7, 0xbd, 0xde, 0x39, 0xc8, 0x68, 0x28, 0xd2, 0xf9,
  0xd6, 0xb4, 0xd7, 0xee, 0xdd, 0x1c, 0x9c, 0xcb, 0xb0, 0xee, 0xf2, 0xd8, 0x23, 0x12, 0x20, 0xec,
  0x64, 0xc5, 0x0f, 0xd6, 0xfc, 0x4e, 0x08, 0x6d, 0x22, 0x06, 0x2a, 0x81, 0x57, 0xe7, 0x45, 0xbc,
  0x02, 0xba, 0x20, 0x05, 0xda, 0x53, 0x42, 0x10, 0x27, 0xd4, 0xd3, 0x15, 0x49, 0x53, 0xcd, 0x59,
  0xee, 0xb7, 0xa4, 0xce, 0x15, 0xfd, 0xa8, 0x24, 0x06, 0x53, 0x33, 0x1d, 0xe5, 0xde, 0x7f, 0x18,
  0xbd, 0xd5, 0xf4, 0x0c, 0x17, 0x19, 0x25, 0x4a, 0x07, 0xe2, 0x22, 0xf0, 0xe7, 0x25, 0x02, 0xb1,
  0xf7, 0x2e, 0xd1, 0xef, 0x06, 0x03, 0x31, 0x90, 0xff, 0x22, 0x13, 0xdc, 0x03, 0x3b, 0x19, 0xe4,
  0x36, 0x11, 0xc4, 0x4c, 0xfc, 0x1f, 0xde, 0xb5, 0xde, 0x49, 0xf3, 0x52, 0xe8, 0xf7, 0x7f, 0x3a,
  0x60, 0xb1, 0x38, 0xeb, 0xee, 0xdf, 0xcd, 0x18, 0xd1, 0x43, 0xf7, 0xef, 0xa7, 0x3d, 0x29, 0xcb,
  0x54, 0xf1, 0xa3, 0x19, 0xee, 0xfb, 0x4b, 0x23, 0xbb, 0xb9, 0xce, 0xc4, 0x1e, 0x42, 0xdf, 0x6e,
  0xa6, 0xf4, 0xc4, 0x1d, 0x04, 0xc5, 0xfa, 0xf9, 0x14, 0x30, 0x03, 0x56, 0xf0, 0xfb, 0x62, 0x51,
  0xe7, 0xbb, 0x17, 0xc1, 0x2c, 0xc4, 0x15, 0x0e, 0x18, 0x29, 0x43, 0xae, 0x15, 0x11, 0x19, 0x81,
  0xf0, 0x21, 0xfa, 0xc0, 0xfd, 0x67, 0xd1, 0xae, 0x76, 0xb4, 0x11, 0xed, 0x9d, 0xdf, 0x3e, 0x98,
  0xd3, 0x46, 0xe0, 0xd3, 0x22, 0x4d, 0x69, 0xbc, 0xfa, 0x8e, 0x0d, 0x3f, 0xe0, 0xd6, 0xfb, 0xf4,
  0x2f, 0xee, 0x04, 0x3e, 0x09, 0x44, 0x33, 0x81, 0x4b, 0x22, 0x07, 0x63, 0xd9, 0xc3, 0xb9, 0xef,
  0xd6, 0x2f, 0xfa, 0xe9, 0xbf, 0x2e, 0x60, 0xe7, 0xb6, 0xa7, 0x14, 0x07, 0xee, 0x09, 0xc3, 0x61,
  0xa1, 0x29, 0x81, 0x54, 0xea, 0x37, 0xf9, 0xe9, 0x61, 0x6c, 0x63, 0x3f, 0x11, 0xe5, 0xc7, 0x2a,
  0xfb, 0x1d, 0x7a, 0xd9, 0x72, 0xe0, 0x04, 0x60, 0x0b, 0x83, 0xeb, 0x8c, 0xcf, 0x0b, 0x74, 0x9e,
  0x08, 0xab, 0x25, 0x92, 0x99, 0x7b, 0xca, 0x0c, 0x2c, 0x39, 0xe7, 0x02, 0x20, 0x92, 0x52, 0x32,
  0x42, 0xe6, 0x47, 0xc9, 0x0d, 0xe1, 0x15, 0xea, 0x29, 0xd5, 0x0a, 0x47, 0xf8, 0x2e, 0x13, 0x20,
  0xac, 0x51, 0x08, 0xd1, 0xe5, 0x3c, 0xb1, 0x18, 0xf0, 0x2d, 0xe7, 0x7f, 0x39, 0x06, 0x12, 0x18,
  0xb6, 0xcd, 0x51, 0xf7, 0xa5, 0xe9, 0x2a, 0x86, 0xbc, 0xca, 0xdc, 0xb9, 0x0f, 0x60, 0x96, 0x51,
  0x06, 0x94, 0xb9, 0x09, 0xa8, 0xab, 0xe6, 0xcb, 0x9e, 0x61, 0x37, 0x3a, 0xb6, 0x2f, 0x48, 0x42,
  0x43, 0x81, 0xdd, 0xe8, 0xc7, 0x60, 0xcb, 0xdd, 0xc8, 0x8d, 0xaf, 0xc6, 0xa2, 0xb7, 0xb1, 0xb2,
  0x51, 0x4c, 0x1e, 0x89, 0xbb, 0xc0, 0x20, 0x3a, 0xd5, 0x23, 0x4b, 0x31, 0x0d, 0x21, 0x3d, 0xb4,
  0xee, 0xfc, 0x4e, 0xcf, 0xf3, 0x2b, 0xdd, 0xf0, 0xe1, 0x1f, 0x30, 0x9c, 0xfa, 0x3a, 0x88, 0xef,
  0xf5, 0x05, 0x31, 0xbf, 0xf9, 0xb4, 0xd2, 0x81, 0xc6, 0x09, 0x17, 0xe9, 0x2f, 0xc8, 0xf9, 0xf3,
  0xd3, 0x43, 0xbc, 0x67, 0xe7, 0xb3, 0x5a, 0xe5, 0xf7, 0x8f, 0x35, 0xc1, 0x01, 0x4d, 0xd6, 0x49,
  0xc2, 0xd2, 0xd0, 0x23, 0xeb, 0x3d, 0xf3, 0x25, 0x13, 0x50, 0x2a, 0x24, 0x21, 0x02, 0x21, 0x5a,
  0x35, 0x30, 0x0a, 0x37, 0x49, 0xf1, 0xda, 0x05, 0x0a, 0xe5, 0x28, 0xfb, 0xce, 0xef, 0xec, 0x8d,
  0xe0, 0x3b, 0x81, 0x9e, 0xa2, 0xb0, 0x20, 0x36, 0x47, 0x17, 0x1b, 0x2a, 0x40, 0xf6, 0x1e, 0x58,
  0xd0, 0xfe, 0x12, 0x00, 0xaf, 0xa8, 0x51, 0x27, 0x1e, 0xfa, 0xc4, 0x9f, 0x5f, 0xb6, 0x8d, 0x43,
  0x12, 0xc8, 0x81, 0x61, 0x39, 0x39, 0x95, 0x25, 0xcb, 0xc3, 0xa9, 0x67, 0xd8, 0x10, 0xb7, 0xe3,
  0xeb, 0xeb, 0x39, 0x54, 0xba, 0x02, 0x00, 0x16, 0x34, 0x0c, 0x25, 0xe8, 0xe9, 0x9c, 0xc6, 0xf9,
  0x1e, 0xc1, 0x68, 0xf4, 0xc8, 0x1c, 0x40, 0x3f, 0xca, 0x27, 0x3b, 0xa3, 0xd9, 0x07, 0xa1, 0xf6,
  0xaf, 0xc3, 0xfe, 0xfb, 0x9e, 0xfa, 0xf2, 0xcf, 0xdb, 0x23, 0x28, 0x6f, 0xe3, 0x00, 0x81, 0xee,
  0xb8, 0x01, 0x41, 0x66, 0x81, 0xd8, 0x5e, 0x94, 0xd6, 0xe7, 0x9b, 0xa4, 0xc9, 0xdb, 0x89, 0xc9,
  0xfb, 0xfa, 0x98, 0x1a, 0x16, 0x08, 0x02, 0x8c, 0x4c, 0x2c, 0x19, 0x39, 0xee, 0xaf, 0x0d, 0xea,
  0xe8, 0x83, 0x40, 0xca, 0x57, 0x47, 0xdb, 0xdb, 0xff, 0xaf, 0x23, 0x03, 0xb5, 0xe4, 0xef, 0xbf,
  0x36, 0x05, 0xf1, 0xc5, 0xd4, 0xa6, 0xd0, 0xf3, 0xea, 0xef, 0x3e, 0xd4, 0xc6, 0xc1, 0xda, 0x04,
  0x50, 0x5a, 0x41, 0xec, 0xea, 0xa2, 0xcd, 0x12, 0x95, 0x08, 0xb5, 0x2c, 0x10, 0x5b, 0xd0, 0x02,
  0xeb, 0x15, 0xe2, 0x35, 0x89, 0x9a, 0x26, 0xd6, 0xd6, 0xc5, 0x41, 0x7f, 0xca, 0x04, 0x86, 0x9b,
  0x64, 0x59, 0x40, 0x26, 0xd0, 0x1f, 0xd6, 0x04, 0xf7, 0x41, 0x1c, 0x08, 0xeb, 0x81, 0x0a, 0xbc,
  0xea, 0xc3, 0x5a, 0xf5, 0x01, 0x5d, 0xdc, 0x3f, 0xcc, 0xac, 0x03, 0xed, 0x06, 0x53, 0x0c, 0x09,
  0x2a, 0xc1, 0xc6, 0x48, 0x46, 0xd7, 0x39, 0xb2, 0x06, 0xd4, 0x1f, 0x65, 0xad, 0xd8, 0xaa, 0xc0,
  0x2e, 0x20, 0x1c, 0x3c, 0x17, 0x3e, 0x7f, 0x9e, 0xd0, 0xd3, 0xfa, 0xcd, 0x25, 0x01, 0x96, 0xd8,
  0xae, 0xc5, 0xc7, 0xe1, 0x24, 0xfc, 0x0f, 0xf2, 0xf7, 0x0b, 0x47, 0x42, 0x26, 0x4a, 0x71, 0x43,
  0x55, 0xc0, 0x3a, 0xdb, 0x50, 0x21, 0xda, 0x18, 0x92, 0xca, 0x2d, 0xd0, 0x1d, 0x34, 0x45, 0xcc,
  0xeb, 0x37, 0xeb, 0xde, 0xf7, 0xb3, 0x06, 0x1e, 0x9b, 0x9b, 0xe4, 0xcf, 0x5b, 0x00, 0xdf, 0x1c,
  0xac, 0x0b, 0x97, 0x22, 0xcb, 0xf3, 0xed, 0x00, 0x4b, 0xff, 0x0a, 0x7f, 0xcf, 0x50, 0x0d, 0x2a,
  0x0a, 0xbd, 0x52, 0xca, 0x0b, 0xd9, 0xf5, 0x6a, 0xb0, 0xe1, 0xf5, 0x8c, 0x0f, 0x0d, 0x2a, 0x8e,
  0xd7, 0x06, 0xf5, 0xb0, 0xe5, 0x36, 0xa9, 0x59, 0xce, 0x33, 0x0d, 0x30, 0x4e, 0xdc, 0x25, 0x19,
  0x29, 0xd3, 0x57, 0xe2, 0xb7, 0x23, 0x02, 0x3b, 0xf3, 0xbb, 0xa2, 0x97, 0x63, 0x5d, 0x0c, 0x17,
  0x2c, 0xc5, 0xfb, 0x41, 0xfc, 0xe1, 0x9e, 0x81, 0xe9, 0x04, 0xdd, 0xca, 0xe5, 0xac, 0x2b, 0x36,
  0x0c, 0xe3, 0xde, 0x7c, 0x25, 0x2e, 0x5d, 0xd2, 0xd9, 0x3f, 0xac, 0x37, 0x32, 0x2e, 0x22, 0xfc,
  0xfd, 0x02, 0xef, 0xe9, 0x60, 0xf1, 0x29, 0x01, 0x58, 0x51, 0x19, 0x0b, 0x24, 0x0c, 0x1b, 0x32,
  0xf7, 0x14, 0xd6, 0xbe, 0xcb, 0x12, 0x37, 0x7f, 0xe7, 0xfb, 0xc4, 0x00, 0xdf, 0xe0, 0xfb, 0xed,
  0x43, 0x0b, 0xab, 0x02, 0xa5, 0x27, 0xbf, 0xde, 0xdc, 0xdd, 0x64, 0xd5, 0xfa, 0x0f, 0x3d, 0x25,
  0x26, 0x0a, 0x4b, 0x08, 0x40, 0xc1, 0xf0, 0xf3, 0x3d, 0x15, 0x2b, 0xc7, 0x44, 0x54, 0xff, 0xf2,
  0x41, 0x43, 0x99, 0xcb, 0x1b, 0xfb, 0xd5, 0xce, 0xcb, 0xf8, 0xc4, 0xed, 0xd9, 0xc1, 0x3d, 0xc4,
  0xbd, 0x7f, 0xe4, 0xf0, 0x1f, 0x44, 0x37, 0xd5, 0xb2, 0xff, 0xba, 0x0c, 0xe8, 0x22, 0xa8, 0x4c,
  0x9d, 0x01, 0xec, 0x2a, 0x37, 0x0f, 0xe8, 0x18, 0x12, 0xe2, 0x4b, 0x38, 0xe8, 0xe5, 0xe7, 0x40,
  0xfe, 0xf4, 0x1e, 0x55, 0x5d, 0xff, 0xf6, 0x0f, 0xe0, 0xf3, 0x2f, 0x81, 0xc8, 0x21, 0x25, 0xd4,
  0x58, 0x07, 0xdc, 0xe5, 0xc9, 0xfa, 0x4f, 0x81, 0x16, 0x3f, 0xf7, 0x90, 0xe7, 0x69, 0x93, 0xa5,
  0xa5, 0xfc, 0xab, 0xb3, 0xca, 0x12, 0xab, 0xf6, 0xd7, 0x74, 0xf2, 0x4b, 0xc2, 0x1b, 0x7e, 0x61,
  0x77, 0xce, 0x61, 0x04, 0xf6, 0x21, 0xaf, 0x54, 0x0e, 0xc8, 0x02, 0xa4, 0xc8, 0xf0, 0x4f, 0xfa,
  0x3a, 0xe2, 0x2b, 0xfa, 0x0a, 0x3a, 0x1d, 0x31, 0xf4, 0x21, 0x5f, 0xdd, 0x16, 0xfd, 0x60, 0x0b,
  0x24, 0x3c, 0xd1, 0x0d, 0xbb, 0x1d, 0x35, 0xce, 0xba, 0x87, 0xd3, 0x06, 0x5c, 0xd6, 0xbf, 0xee,
  0xf6, 0x59, 0xec, 0x3d, 0xa9, 0xd8, 0x9e, 0x25, 0x5b, 0xf0, 0x19, 0x55, 0x47, 0xbc, 0x81, 0xd1,
  0xb8, 0x4d, 0xf1, 0x1e, 0xdc, 0xe4, 0x6d, 0x8c, 0xf3, 0xc2, 0x31, 0xc4, 0x7f, 0xec, 0x38, 0xef,
  0x0c, 0xcc, 0x15, 0x1d, 0x19, 0xd1, 0x14, 0x1d, 0xa4, 0x54, 0xc4, 0x12, 0x37, 0x58, 0xe2, 0xb7,
  0xe2, 0xa2, 0x2d, 0xa0, 0xfd, 0x40, 0xbe, 0x29, 0xf9, 0x86, 0x11, 0xd9, 0x48, 0x2b, 0xb3, 0x01,
  0xc2, 0x19, 0x9b, 0x88, 0x5d, 0x5a, 0x86, 0x3b, 0x65, 0x86, 0x40, 0x13, 0x19, 0xd9, 0x7f, 0xd4,
  0x10, 0x73, 0x3d, 0xce, 0xe0, 0x29, 0xda, 0x9d, 0x83, 0xf5, 0x30, 0x04, 0x12, 0xf4, 0xd3, 0x5b,
  0x8a, 0x03, 0x43, 0xeb, 0x96, 0xa2, 0xd3, 0x26, 0xd0, 0xf5, 0xd3, 0x01, 0x52, 0xec, 0xb4, 0xae,
  0x0c, 0x61, 0xfa, 0x21, 0x11, 0x2d, 0xe9, 0x2a, 0x1b, 0x35, 0xce, 0xba, 0x36, 0xaf, 0x45, 0xfc,
  0x48, 0xf3, 0x4d, 0xe4, 0x1c, 0xf4, 0x2f, 0xe1, 0xc2, 0xe1, 0xcd, 0x1d, 0xf8, 0xc8, 0xc1, 0x41,
  0x2e, 0x4a, 0xab, 0x53, 0xef, 0x07, 0xb4, 0xff, 0x2d, 0xca, 0x49, 0x70, 0xb5, 0xd9, 0x81, 0xb5,
  0x2d, 0x2e, 0xe2, 0xda, 0xf4, 0x36, 0xfa, 0x0c, 0x5a, 0xea, 0xd8, 0x2f, 0x0e, 0x81, 0xe9, 0xb5,
  0xdc, 0x44, 0x56, 0x32, 0xa5, 0x2c, 0x56, 0xaa, 0x92, 0xd8, 0xe3, 0x3e, 0x21, 0x36, 0xa0, 0xe1,
  0xe8, 0x39, 0x37, 0x43, 0x14, 0x09, 0xda, 0x9f, 0x3d, 0xc2, 0x59, 0x40, 0x2d, 0xc0, 0xcc, 0xff,
  0x29, 0xaa, 0x07, 0xcf, 0xb4, 0xf2, 0xc0, 0x49, 0x01, 0x5b, 0xe4, 0x01, 0xc7, 0x88, 0xb9, 0x15,
  0x19, 0xee, 0x56, 0x42, 0xde, 0x4f, 0x10, 0x5c, 0xaa, 0xb7, 0xe2, 0xf3, 0x42, 0x56, 0x0b, 0xc8,
  0xd1, 0x64, 0xcc, 0xde, 0xfa, 0xed, 0x3a, 0xe4, 0x3a, 0x36, 0x24, 0x15, 0xa3, 0x41, 0x81, 0xed,
  0x92, 0xff, 0x3a, 0x1e, 0xac, 0x07, 0xd3, 0x30, 0x71, 0x74, 0x5b, 0x14, 0x21, 0xa1, 0x35, 0xd0,
  0xb4, 0x30, 0x69, 0x37, 0xba, 0x7b, 0x18, 0x1b, 0xf4, 0xad, 0x17, 0xea, 0xd8, 0x7f, 0xd5, 0xc6,
  0xab, 0xbb, 0xe3, 0xc6, 0x99, 0xc7, 0x8a, 0xca, 0xd0, 0xe5, 0xcc, 0xf5, 0xec, 0xd6, 0x8c, 0x37,
  0xa9, 0x25, 0xf6, 0x61, 0xe4, 0x1e, 0xe5, 0xd0, 0x86, 0xe2, 0xb9, 0xb0, 0x2b, 0x09, 0x08, 0xe4,
  0xb6, 0xb2, 0x14, 0x67, 0x0a, 0xff, 0x95, 0x81, 0x37, 0x48, 0x01, 0x1f, 0xe8, 0xad, 0x08, 0xd4,
  0xd6, 0xf9, 0xc8, 0x02, 0xe1, 0xf9, 0x9d, 0xd2, 0xff, 0x1f, 0x90, 0xd9, 0xbe, 0xe6, 0x08, 0xc1,
  0x63, 0xad, 0x39, 0x2e, 0xf9, 0xa6, 0x81, 0x18, 0x2a, 0x10, 0xae, 0xc7, 0xda, 0xd0, 0x17, 0x51,
  0x0f, 0xc8, 0xf0, 0xf7, 0x19, 0xd5, 0x54, 0xf9, 0x66, 0x00, 0xdd, 0x4a, 0x63, 0x01, 0xd8, 0x92,
  0x3f, 0xad, 0x8f, 0x10, 0xcf, 0xed, 0xd5, 0x04, 0x63, 0xf7, 0x9c, 0xbc, 0xa1, 0xef, 0x2f, 0x32,
  0x08, 0x50, 0x13, 0xee, 0x02, 0x6b, 0xd5, 0x4c, 0xcb, 0x30, 0xe0, 0x27, 0xdf, 0x8b, 0xdc, 0xfe,
  0x46, 0xe9, 0x6f, 0xcc, 0x06, 0xf7, 0x27, 0x0e, 0x48, 0xd0, 0xc9, 0x81, 0x19, 0x4a, 0x26, 0xd1,
  0xc6, 0xe4, 0x03, 0x21, 0x39, 0xc0, 0xf2, 0xa6, 0x5b, 0x3f, 0x00, 0x40, 0x99, 0xb8, 0xad, 0x01,
  0xaa, 0x52, 0xc3, 0x22, 0x02, 0xfe, 0xff, 0xff, 0x04, 0x00, 0x00, 0x00, 0xc0, 0x00, 0x00, 0x00,
  0xb8, 0xf8, 0xff, 0xff, 0x1a, 0x04, 0x00, 0x00, 0x5f, 0x1d, 0x00, 0x00, 0x1a, 0x0b, 0x00, 0x00,
  0x7d, 0xeb, 0xff, 0xff, 0x71, 0x0e, 0x00, 0x00, 0x18, 0x09, 0x00, 0x00, 0x43, 0xfb, 0xff, 0xff,
  0x48, 0xfd, 0xff, 0xff, 0x5c, 0x1a, 0x00, 0x00, 0x7e, 0xf7, 0xff, 0xff, 0x97, 0x02, 0x00, 0x00,
  0xdf, 0xfa, 0xff, 0xff, 0x37, 0x1d, 0x00, 0x00, 0x6f, 0x0b, 0x00, 0x00, 0xb3, 0x02, 0x00, 0x00,
  0x4e, 0x06, 0x00, 0x00, 0x6e, 0xf3, 0xff, 0xff, 0xe4, 0xf5, 0xff, 0xff, 0x34, 0x01, 0x00, 0x00,
  0xd4, 0x06, 0x00, 0x00, 0x22, 0xfe, 0xff, 0xff, 0xc4, 0xf1, 0xff, 0xff, 0xca, 0x30, 0x00, 0x00,
  0x5d, 0x0c, 0x00, 0x00, 0x0f, 0xff, 0xff, 0xff, 0xce, 0x05, 0x00, 0x00, 0x4d, 0x10, 0x00, 0x00,
  0x53, 0x2a, 0x00, 0x00, 0xb7, 0x11, 0x00, 0x00, 0x18, 0x03, 0x00, 0x00, 0x38, 0xfb, 0xff, 0xff,
  0x9d, 0x14, 0x00, 0x00, 0x1c, 0x00, 0x00, 0x00, 0x3d, 0xe9, 0xff, 0xff, 0x69, 0x04, 0x00, 0x00,
  0x65, 0xfb, 0xff, 0xff, 0x71, 0x05, 0x00, 0x00, 0xa9, 0x02, 0x00, 0x00, 0xc5, 0x11, 0x00, 0x00,
  0xb0, 0x04, 0x00, 0x00, 0x82, 0x03, 0x00, 0x00, 0x1d, 0x05, 0x00, 0x00, 0xe9, 0x05, 0x00, 0x00,
  0x2a, 0x10, 0x00, 0x00, 0x9e, 0x23, 0x00, 0x00, 0x82, 0x0e, 0x00, 0x00, 0x9c, 0x07, 0x00, 0x00,
  0xce, 0xfe, 0xff, 0xff, 0x04, 0x00, 0x00, 0x00, 0x60, 0x00, 0x00, 0x00, 0x9d, 0xd0, 0x19, 0x3a,
  0xaa, 0x3c, 0xb3, 0xa9, 0xba, 0xcd, 0xc0, 0xc9, 0x10, 0x64, 0x73, 0x63, 0x51, 0x2f, 0xfd, 0x1a,
  0xbb, 0x48, 0xef, 0x53, 0x55, 0x66, 0xfe, 0xa5, 0xdf, 0x1e, 0xb2, 0x77, 0xec, 0x87, 0x23, 0xad,
  0x37, 0x7f, 0x03, 0x76, 0xe9, 0xc6, 0xc9, 0xc6, 0xd3, 0xfe, 0xac, 0xd7, 0x19, 0x1e, 0x99, 0xd2,
  0xeb, 0xc8, 0x8e, 0xd2, 0x7d, 0x3a, 0x66, 0x36, 0x5d, 0x1f, 0xc7, 0xae, 0xfb, 0xc6, 0xb1, 0xa4,
  0x40, 0xdc, 0x03, 0xf6, 0x7f, 0xbb, 0x27, 0x60, 0x91, 0x6c, 0x59, 0xd3, 0x8d, 0x6e, 0xd2, 0x06,
  0x09, 0xdf, 0x72, 0x2f, 0x50, 0x29, 0x3b, 0x60, 0x7f, 0xc9, 0xcb, 0x50, 0x3a, 0xff, 0xff, 0xff,
  0x04, 0x00, 0x00, 0x00, 0x08, 0x00, 0x00, 0x00, 0xf6, 0x01, 0x00, 0x00, 0x2b, 0xfe, 0xff, 0xff,
  0x4e, 0xff, 0xff, 0xff, 0x04, 0x00, 0x00, 0x00, 0x08, 0x00, 0x00, 0x00, 0x01, 0x00, 0x00, 0x00,
  0x02, 0x00, 0x00, 0x00, 0xe4, 0xd6, 0xff, 0xff, 0xe8, 0xd6, 0xff, 0xff, 0x0f, 0x00, 0x00, 0x00,
  0x4d, 0x4c, 0x49, 0x52, 0x20, 0x43, 0x6f, 0x6e, 0x76, 0x65, 0x72, 0x74, 0x65, 0x64, 0x2e, 0x00,
  0x01, 0x00, 0x00, 0x00, 0x14, 0x00, 0x00, 0x00, 0x00, 0x00, 0x0e, 0x00, 0x18, 0x00, 0x14, 0x00,
  0x10, 0x00, 0x0c, 0x00, 0x08, 0x00, 0x04, 0x00, 0x0e, 0x00, 0x00, 0x00, 0x14, 0x00, 0x00, 0x00,
  0x1c, 0x00, 0x00, 0x00, 0x0c, 0x03, 0x00, 0x00, 0x10, 0x03, 0x00, 0x00, 0x14, 0x03, 0x00, 0x00,
  0x04, 0x00, 0x00, 0x00, 0x6d, 0x61, 0x69, 0x6e, 0x00, 0x00, 0x00, 0x00, 0x0a, 0x00, 0x00, 0x00,
  0xa8, 0x02, 0x00, 0x00, 0x44, 0x02, 0x00, 0x00, 0xdc, 0x01, 0x00, 0x00, 0x8c, 0x01, 0x00, 0x00,
  0x48, 0x01, 0x00, 0x00, 0xf0, 0x00, 0x00, 0x00, 0xac, 0x00, 0x00, 0x00, 0x78, 0x00, 0x00, 0x00,
  0x40, 0x00, 0x00, 0x00, 0x04, 0x00, 0x00, 0x00, 0xee, 0xfd, 0xff, 0xff, 0x1c, 0x00, 0x00, 0x00,
  0x00, 0x00, 0x00, 0x09, 0x1c, 0x00, 0x00, 0x00, 0x20, 0x00, 0x00, 0x00, 0x05, 0x00, 0x00, 0x00,
  0x00, 0x00, 0x06, 0x00, 0x08, 0x00, 0x04, 0x00, 0x06, 0x00, 0x00, 0x00, 0x00, 0x00, 0x80, 0x3f,
  0x01, 0x00, 0x00, 0x00, 0x17, 0x00, 0x00, 0x00, 0x01, 0x00, 0x00, 0x00, 0x16, 0x00, 0x00, 0x00,
  0x16, 0xff, 0xff, 0xff, 0x14, 0x00, 0x00, 0x00, 0x00, 0x00, 0x00, 0x08, 0x10, 0x00, 0x00, 0x00,
  0x14, 0x00, 0x00, 0x00, 0x04, 0x00, 0x00, 0x00, 0xb8, 0xd7, 0xff, 0xff, 0x01, 0x00, 0x00, 0x00,
  0x16, 0x00, 0x00, 0x00, 0x03, 0x00, 0x00, 0x00, 0x15, 0x00, 0x00, 0x00, 0x03, 0x00, 0x00, 0x00,
  0x02, 0x00, 0x00, 0x00, 0x4a, 0xff, 0xff, 0xff, 0x14, 0x00, 0x00, 0x00, 0x00, 0x00, 0x00, 0x1b,
  0x10, 0x00, 0x00, 0x00, 0x14, 0x00, 0x00, 0x00, 0x03, 0x00, 0x00, 0x00, 0xec, 0xd7, 0xff, 0xff,
  0x01, 0x00, 0x00, 0x00, 0x15, 0x00, 0x00, 0x00, 0x02, 0x00, 0x00, 0x00, 0x14, 0x00, 0x00, 0x00,
  0x01, 0x00, 0x00, 0x00, 0x2a, 0xfe, 0xff, 0xff, 0x10, 0x00, 0x00, 0x00, 0x00, 0x00, 0x00, 0x01,
  0x1c, 0x00, 0x00, 0x00, 0x20, 0x00, 0x00, 0x00, 0x2c, 0xff, 0xff, 0xff, 0x00, 0x00, 0x00, 0x01,
  0x01, 0x00, 0x00, 0x00, 0x01, 0x00, 0x00, 0x00, 0x00, 0x00, 0x00, 0x01, 0x01, 0x00, 0x00, 0x00,
  0x14, 0x00, 0x00, 0x00, 0x03, 0x00, 0x00, 0x00, 0x13, 0x00, 0x00, 0x00, 0x05, 0x00, 0x00, 0x00,
  0x04, 0x00, 0x00, 0x00, 0xba, 0xff, 0xff, 0xff, 0x14, 0x00, 0x00, 0x00, 0x00, 0x00, 0x00, 0x02,
  0x20, 0x00, 0x00, 0x00, 0x24, 0x00, 0x00, 0x00, 0x02, 0x00, 0x00, 0x00, 0x1e, 0xff, 0xff, 0xff,
  0x00, 0x00, 0x00, 0x01, 0x01, 0x00, 0x00, 0x00, 0x01, 0x00, 0x00, 0x00, 0x01, 0x00, 0x00, 0x00,
  0x01, 0x00, 0x00, 0x00, 0x13, 0x00, 0x00, 0x00, 0x03, 0x00, 0x00, 0x00, 0x12, 0x00, 0x00, 0x00,
  0x07, 0x00, 0x00, 0x00, 0x06, 0x00, 0x00, 0x00, 0x00, 0x00, 0x0e, 0x00, 0x18, 0x00, 0x14, 0x00,
  0x10, 0x00, 0x0c, 0x00, 0x0b, 0x00, 0x04, 0x00, 0x0e, 0x00, 0x00, 0x00, 0x14, 0x00, 0x00, 0x00,
  0x00, 0x00, 0x00, 0x05, 0x24, 0x00, 0x00, 0x00, 0x28, 0x00, 0x00, 0x00, 0x01, 0x00, 0x00, 0x00,
  0x0e, 0xff, 0xff, 0xff, 0x02, 0x00, 0x00, 0x00, 0x02, 0x00, 0x00, 0x00, 0x02, 0x00, 0x00, 0x00,
  0x02, 0x00, 0x00, 0x00, 0x00, 0x00, 0x00, 0x01, 0x01, 0x00, 0x00, 0x00, 0x12, 0x00, 0x00, 0x00,
  0x01, 0x00, 0x00, 0x00, 0x11, 0x00, 0x00, 0x00, 0xfe, 0xfe, 0xff, 0xff, 0x1c, 0x00, 0x00, 0x00,
  0x00, 0x00, 0x00, 0x01, 0x28, 0x00, 0x00, 0x00, 0x2c, 0x00, 0x00, 0x00, 0x0c, 0x00, 0x14, 0x00,
  0x13, 0x00, 0x0c, 0x00, 0x08, 0x00, 0x07, 0x00, 0x0c, 0x00, 0x00, 0x00, 0x00, 0x00, 0x00, 0x01,
  0x01, 0x00, 0x00, 0x00, 0x01, 0x00, 0x00, 0x00, 0x00, 0x00, 0x00, 0x01, 0x01, 0x00, 0x00, 0x00,
  0x11, 0x00, 0x00, 0x00, 0x03, 0x00, 0x00, 0x00, 0x10, 0x00, 0x00, 0x00, 0x09, 0x00, 0x00, 0x00,
  0x08, 0x00, 0x00, 0x00, 0xaa, 0xff, 0xff, 0xff, 0x24, 0x00, 0x00, 0x00, 0x00, 0x00, 0x00, 0x02,
  0x30, 0x00, 0x00, 0x00, 0x34, 0x00, 0x00, 0x00, 0x02, 0x00, 0x00, 0x00, 0x00, 0x00, 0x0e, 0x00,
  0x14, 0x00, 0x00, 0x00, 0x10, 0x00, 0x0c, 0x00, 0x08, 0x00, 0x07, 0x00, 0x0e, 0x00, 0x00, 0x00,
  0x00, 0x00, 0x00, 0x01, 0x01, 0x00, 0x00, 0x00, 0x03, 0x00, 0x00, 0x00, 0x03, 0x00, 0x00, 0x00,
  0x01, 0x00, 0x00, 0x00, 0x10, 0x00, 0x00, 0x00, 0x03, 0x00, 0x00, 0x00, 0x0f, 0x00, 0x00, 0x00,
  0x0b, 0x00, 0x00, 0x00, 0x0a, 0x00, 0x00, 0x00, 0x00, 0x00, 0x0e, 0x00, 0x1a, 0x00, 0x14, 0x00,
  0x10, 0x00, 0x0c, 0x00, 0x0b, 0x00, 0x04, 0x00, 0x0e, 0x00, 0x00, 0x00, 0x24, 0x00, 0x00, 0x00,
  0x00, 0x00, 0x00, 0x05, 0x34, 0x00, 0x00, 0x00, 0x38, 0x00, 0x00, 0x00, 0x01, 0x00, 0x00, 0x00,
  0x00, 0x00, 0x0e, 0x00, 0x18, 0x00, 0x17, 0x00, 0x10, 0x00, 0x0c, 0x00, 0x08, 0x00, 0x04, 0x00,
  0x0e, 0x00, 0x00, 0x00, 0x02, 0x00, 0x00, 0x00, 0x02, 0x00, 0x00, 0x00, 0x02, 0x00, 0x00, 0x00,
  0x02, 0x00, 0x00, 0x00, 0x00, 0x00, 0x00, 0x01, 0x01, 0x00, 0x00, 0x00, 0x0f, 0x00, 0x00, 0x00,
  0x01, 0x00, 0x00, 0x00, 0x0e, 0x00, 0x00, 0x00, 0x00, 0x00, 0x0e, 0x00, 0x14, 0x00, 0x00, 0x00,
  0x10, 0x00, 0x0c, 0x00, 0x0b, 0x00, 0x04, 0x00, 0x0e, 0x00, 0x00, 0x00, 0x1c, 0x00, 0x00, 0x00,
  0x00, 0x00, 0x00, 0x01, 0x24, 0x00, 0x00, 0x00, 0x28, 0x00, 0x00, 0x00, 0x0c, 0x00, 0x10, 0x00,
  0x00, 0x00, 0x0c, 0x00, 0x08, 0x00, 0x07, 0x00, 0x0c, 0x00, 0x00, 0x00, 0x00, 0x00, 0x00, 0x01,
  0x03, 0x00, 0x00, 0x00, 0x03, 0x00, 0x00, 0x00, 0x01, 0x00, 0x00, 0x00, 0x0e, 0x00, 0x00, 0x00,
  0x03, 0x00, 0x00, 0x00, 0x00, 0x00, 0x00, 0x00, 0x0d, 0x00, 0x00, 0x00, 0x0c, 0x00, 0x00, 0x00,
  0x01, 0x00, 0x00, 0x00, 0x17, 0x00, 0x00, 0x00, 0x01, 0x00, 0x00, 0x00, 0x00, 0x00, 0x00, 0x00,
  0x18, 0x00, 0x00, 0x00, 0x2c, 0x26, 0x00, 0x00, 0x9c, 0x25, 0x00, 0x00, 0x08, 0x25, 0x00, 0x00,
  0x8c, 0x24, 0x00, 0x00, 0x58, 0x21, 0x00, 0x00, 0xa4, 0x1e, 0x00, 0x00, 0x00, 0x1b, 0x00, 0x00,
  0xbc, 0x17, 0x00, 0x00, 0x70, 0x14, 0x00, 0x00, 0xbc, 0x11, 0x00, 0x00, 0x38, 0x0f, 0x00, 0x00,
  0x28, 0x0d, 0x00, 0x00, 0x18, 0x0b, 0x00, 0x00, 0x84, 0x09, 0x00, 0x00, 0x60, 0x08, 0x00, 0x00,
  0xc4, 0x07, 0x00, 0x00, 0x30, 0x06, 0x00, 0x00, 0x0c, 0x05, 0x00, 0x00, 0x70, 0x04, 0x00, 0x00,
  0xdc, 0x02, 0x00, 0x00, 0xb8, 0x01, 0x00, 0x00, 0x24, 0x01, 0x00, 0x00, 0x80, 0x00, 0x00, 0x00,
  0x04, 0x00, 0x00, 0x00, 0x4a, 0xda, 0xff, 0xff, 0x00, 0x00, 0x00, 0x01, 0x18, 0x00, 0x00, 0x00,
  0x20, 0x00, 0x00, 0x00, 0x3c, 0x00, 0x00, 0x00, 0x18, 0x00, 0x00, 0x00, 0x00, 0x00, 0x00, 0x09,
  0x50, 0x00, 0x00, 0x00, 0x02, 0x00, 0x00, 0x00, 0xff, 0xff, 0xff, 0xff, 0x02, 0x00, 0x00, 0x00,
  0x2c, 0xda, 0xff, 0xff, 0x08, 0x00, 0x00, 0x00, 0x10, 0x00, 0x00, 0x00, 0x01, 0x00, 0x00, 0x00,
  0x80, 0xff, 0xff, 0xff, 0xff, 0xff, 0xff, 0xff, 0x01, 0x00, 0x00, 0x00, 0x00, 0x00, 0x80, 0x3b,
  0x1b, 0x00, 0x00, 0x00, 0x53, 0x74, 0x61, 0x74, 0x65, 0x66, 0x75, 0x6c, 0x50, 0x61, 0x72, 0x74,
  0x69, 0x74, 0x69, 0x6f, 0x6e, 0x65, 0x64, 0x43, 0x61, 0x6c, 0x6c, 0x5f, 0x31, 0x3a, 0x30, 0x00,
  0x02, 0x00, 0x00, 0x00, 0x01, 0x00, 0x00, 0x00, 0x02, 0x00, 0x00, 0x00, 0xc2, 0xda, 0xff, 0xff,
  0x00, 0x00, 0x00, 0x01, 0x18, 0x00, 0x00, 0x00, 0x20, 0x00, 0x00, 0x00, 0x40, 0x00, 0x00, 0x00,
  0x17, 0x00, 0x00, 0x00, 0x00, 0x00, 0x00, 0x09, 0x78, 0x00, 0x00, 0x00, 0x02, 0x00, 0x00, 0x00,
  0xff, 0xff, 0xff, 0xff, 0x02, 0x00, 0x00, 0x00, 0xa4, 0xda, 0xff, 0xff, 0x08, 0x00, 0x00, 0x00,
  0x14, 0x00, 0x00, 0x00, 0x01, 0x00, 0x00, 0x00, 0xe8, 0xff, 0xff, 0xff, 0xff, 0xff, 0xff, 0xff,
  0x00, 0x00, 0x00, 0x00, 0x01, 0x00, 0x00, 0x00, 0xa5, 0x58, 0x86, 0x3d, 0x3e, 0x00, 0x00, 0x00,
  0x69, 0x64, 0x5f, 0x64, 0x65, 0x74, 0x65, 0x63, 0x74, 0x6f, 0x72, 0x5f, 0x31, 0x2f, 0x64, 0x65,
  0x6e, 0x73, 0x65, 0x5f, 0x32, 0x5f, 0x31, 0x2f, 0x4d, 0x61, 0x74, 0x4d, 0x75, 0x6c, 0x3b, 0x69,
  0x64, 0x5f, 0x64, 0x65, 0x74, 0x65, 0x63, 0x74, 0x6f, 0x72, 0x5f, 0x31, 0x2f, 0x64, 0x65, 0x6e,
  0x73, 0x65, 0x5f, 0x32, 0x5f, 0x31, 0x2f, 0x42, 0x69, 0x61, 0x73, 0x41, 0x64, 0x64, 0x00, 0x00,
  0x02, 0x00, 0x00, 0x00, 0x01, 0x00, 0x00, 0x00, 0x02, 0x00, 0x00, 0x00, 0x62, 0xdb, 0xff, 0xff,
  0x00, 0x00, 0x00, 0x01, 0x18, 0x00, 0x00, 0x00, 0x20, 0x00, 0x00, 0x00, 0x40, 0x00, 0x00, 0x00,
  0x16, 0x00, 0x00, 0x00, 0x00, 0x00, 0x00, 0x09, 0x68, 0x00, 0x00, 0x00, 0x02, 0x00, 0x00, 0x00,
  0xff, 0xff, 0xff, 0xff, 0x30, 0x00, 0x00, 0x00, 0x44, 0xdb, 0xff, 0xff, 0x08, 0x00, 0x00, 0x00,
  0x14, 0x00, 0x00, 0x00, 0x01, 0x00, 0x00, 0x00, 0x80, 0xff, 0xff, 0xff, 0xff, 0xff, 0xff, 0xff,
  0x00, 0x00, 0x00, 0x00, 0x01, 0x00, 0x00, 0x00, 0x8a, 0x80, 0x56, 0x3c, 0x2f, 0x00, 0x00, 0x00,
  0x69, 0x64, 0x5f, 0x64, 0x65, 0x74, 0x65, 0x63, 0x74, 0x6f, 0x72, 0x5f, 0x31, 0x2f, 0x67, 0x6c,
  0x6f, 0x62, 0x61, 0x6c, 0x5f, 0x61, 0x76, 0x65, 0x72, 0x61, 0x67, 0x65, 0x5f, 0x70, 0x6f, 0x6f,
  0x6c, 0x69, 0x6e, 0x67, 0x32, 0x64, 0x5f, 0x32, 0x5f, 0x31, 0x2f, 0x4d, 0x65, 0x61, 0x6e, 0x00,
  0x02, 0x00, 0x00, 0x00, 0x01, 0x00, 0x00, 0x00, 0x30, 0x00, 0x00, 0x00, 0xf2, 0xdb, 0xff, 0xff,
  0x00, 0x00, 0x00, 0x01, 0x18, 0x00, 0x00, 0x00, 0x28, 0x00, 0x00, 0x00, 0x48, 0x00, 0x00, 0x00,
  0x15, 0x00, 0x00, 0x00, 0x00, 0x00, 0x00, 0x09, 0xf0, 0x00, 0x00, 0x00, 0x04, 0x00, 0x00, 0x00,
  0xff, 0xff, 0xff, 0xff, 0x03, 0x00, 0x00, 0x00, 0x03, 0x00, 0x00, 0x00, 0x30, 0x00, 0x00, 0x00,
  0xdc, 0xdb, 0xff, 0xff, 0x08, 0x00, 0x00, 0x00, 0x14, 0x00, 0x00, 0x00, 0x01, 0x00, 0x00, 0x00,
  0x80, 0xff, 0xff, 0xff, 0xff, 0xff, 0xff, 0xff, 0x00, 0x00, 0x00, 0x00, 0x01, 0x00, 0x00, 0x00,
  0x94, 0xff, 0x0d, 0x3d, 0xaf, 0x00, 0x00, 0x00, 0x69, 0x64, 0x5f, 0x64, 0x65, 0x74, 0x65, 0x63,
  0x74, 0x6f, 0x72, 0x5f, 0x31, 0x2f, 0x72, 0x65, 0x5f, 0x6c, 0x75, 0x5f, 0x31, 0x34, 0x5f, 0x31,
  0x2f, 0x52, 0x65, 0x6c, 0x75, 0x3b, 0x69, 0x64, 0x5f, 0x64, 0x65, 0x74, 0x65, 0x63, 0x74, 0x6f,
  0x72, 0x5f, 0x31, 0x2f, 0x62, 0x61, 0x74, 0x63, 0x68, 0x5f, 0x6e, 0x6f, 0x72, 0x6d, 0x61, 0x6c,
  0x69, 0x7a, 0x61, 0x74, 0x69, 0x6f, 0x6e, 0x5f, 0x31, 0x34, 0x5f, 0x31, 0x2f, 0x62, 0x61, 0x74,
  0x63, 0x68, 0x6e, 0x6f, 0x72, 0x6d, 0x2f, 0x61, 0x64, 0x64, 0x5f, 0x31, 0x3b, 0x69, 0x64, 0x5f,
  0x64, 0x65, 0x74, 0x65, 0x63, 0x74, 0x6f, 0x72, 0x5f, 0x31, 0x2f, 0x63, 0x6f, 0x6e, 0x76, 0x32,
  0x64, 0x5f, 0x38, 0x5f, 0x31, 0x2f, 0x63, 0x6f, 0x6e, 0x76, 0x6f, 0x6c, 0x75, 0x74, 0x69, 0x6f,
  0x6e, 0x3b, 0x69, 0x64, 0x5f, 0x64, 0x65, 0x74, 0x65, 0x63, 0x74, 0x6f, 0x72, 0x5f, 0x31, 0x2f,
  0x62, 0x61, 0x74, 0x63, 0x68, 0x5f, 0x6e, 0x6f, 0x72, 0x6d, 0x61, 0x6c, 0x69, 0x7a, 0x61, 0x74,
  0x69, 0x6f, 0x6e, 0x5f, 0x31, 0x34, 0x5f, 0x31, 0x2f, 0x62, 0x61, 0x74, 0x63, 0x68, 0x6e, 0x6f,
  0x72, 0x6d, 0x2f, 0x73, 0x75, 0x62, 0x31, 0x00, 0x04, 0x00, 0x00, 0x00, 0x01, 0x00, 0x00, 0x00,
  0x03, 0x00, 0x00, 0x00, 0x03, 0x00, 0x00, 0x00, 0x30, 0x00, 0x00, 0x00, 0x12, 0xdd, 0xff, 0xff,
  0x00, 0x00, 0x00, 0x01, 0x18, 0x00, 0x00, 0x00, 0x28, 0x00, 0x00, 0x00, 0x44, 0x00, 0x00, 0x00,
  0x14, 0x00, 0x00, 0x00, 0x00, 0x00, 0x00, 0x09, 0x60, 0x01, 0x00, 0x00, 0x04, 0x00, 0x00, 0x00,
  0xff, 0xff, 0xff, 0xff, 0x03, 0x00, 0x00, 0x00, 0x03, 0x00, 0x00, 0x00, 0x30, 0x00, 0x00, 0x00,
  0xfc, 0xdc, 0xff, 0xff, 0x08, 0x00, 0x00, 0x00, 0x10, 0x00, 0x00, 0x00, 0x01, 0x00, 0x00, 0x00,
  0x80, 0xff, 0xff, 0xff, 0xff, 0xff, 0xff, 0xff, 0x01, 0x00, 0x00, 0x00, 0x3b, 0x1b, 0x13, 0x3d,
  0x23, 0x01, 0x00, 0x00, 0x69, 0x64, 0x5f, 0x64, 0x65, 0x74, 0x65, 0x63, 0x74, 0x6f, 0x72, 0x5f,
  0x31, 0x2f, 0x72, 0x65, 0x5f, 0x6c, 0x75, 0x5f, 0x31, 0x33, 0x5f, 0x31, 0x2f, 0x52, 0x65, 0x6c,
  0x75, 0x3b, 0x69, 0x64, 0x5f, 0x64, 0x65, 0x74, 0x65, 0x63, 0x74, 0x6f, 0x72, 0x5f, 0x31, 0x2f,
  0x62, 0x61, 0x74, 0x63, 0x68, 0x5f, 0x6e, 0x6f, 0x72, 0x6d, 0x61, 0x6c, 0x69, 0x7a, 0x61, 0x74,
  0x69, 0x6f, 0x6e, 0x5f, 0x31, 0x33, 0x5f, 0x31, 0x2f, 0x62, 0x61, 0x74, 0x63, 0x68, 0x6e, 0x6f,
  0x72, 0x6d, 0x2f, 0x61, 0x64, 0x64, 0x5f, 0x31, 0x3b, 0x69, 0x64, 0x5f, 0x64, 0x65, 0x74, 0x65,
  0x63, 0x74, 0x6f, 0x72, 0x5f, 0x31, 0x2f, 0x62, 0x61, 0x74, 0x63, 0x68, 0x5f, 0x6e, 0x6f, 0x72,
  0x6d, 0x61, 0x6c, 0x69, 0x7a, 0x61, 0x74, 0x69, 0x6f, 0x6e, 0x5f, 0x31, 0x33, 0x5f, 0x31, 0x2f,
  0x62, 0x61, 0x74, 0x63, 0x68, 0x6e, 0x6f, 0x72, 0x6d, 0x2f, 0x6d, 0x75, 0x6c, 0x5f, 0x31, 0x3b,
  0x69, 0x64, 0x5f, 0x64, 0x65, 0x74, 0x65, 0x63, 0x74, 0x6f, 0x72, 0x5f, 0x31, 0x2f, 0x64, 0x65,
  0x70, 0x74, 0x68, 0x77, 0x69, 0x73, 0x65, 0x5f, 0x63, 0x6f, 0x6e, 0x76, 0x32, 0x64, 0x5f, 0x35,
  0x5f, 0x31, 0x2f, 0x64, 0x65, 0x70, 0x74, 0x68, 0x77, 0x69, 0x73, 0x65, 0x3b, 0x69, 0x64, 0x5f,
  0x64, 0x65, 0x74, 0x65, 0x63, 0x74, 0x6f, 0x72, 0x5f, 0x31, 0x2f, 0x62, 0x61, 0x74, 0x63, 0x68,
  0x5f, 0x6e, 0x6f, 0x72, 0x6d, 0x61, 0x6c, 0x69, 0x7a, 0x61, 0x74, 0x69, 0x6f, 0x6e, 0x5f, 0x31,
  0x33, 0x5f, 0x31, 0x2f, 0x62, 0x61, 0x74, 0x63, 0x68, 0x6e, 0x6f, 0x72, 0x6d, 0x2f, 0x6d, 0x75,
  0x6c, 0x3b, 0x69, 0x64, 0x5f, 0x64, 0x65, 0x74, 0x65, 0x63, 0x74, 0x6f, 0x72, 0x5f, 0x31, 0x2f,
  0x62, 0x61, 0x74, 0x63, 0x68, 0x5f, 0x6e, 0x6f, 0x72, 0x6d, 0x61, 0x6c, 0x69, 0x7a, 0x61, 0x74,
  0x69, 0x6f, 0x6e, 0x5f, 0x31, 0x33, 0x5f, 0x31, 0x2f, 0x62, 0x61, 0x74, 0x63, 0x68, 0x6e, 0x6f,
  0x72, 0x6d, 0x2f, 0x73, 0x75, 0x62, 0x31, 0x00, 0x04, 0x00, 0x00, 0x00, 0x01, 0x00, 0x00, 0x00,
  0x03, 0x00, 0x00, 0x00, 0x03, 0x00, 0x00, 0x00, 0x30, 0x00, 0x00, 0x00, 0xa2, 0xde, 0xff, 0xff,
  0x00, 0x00, 0x00, 0x01, 0x18, 0x00, 0x00, 0x00, 0x28, 0x00, 0x00, 0x00, 0x44, 0x00, 0x00, 0x00,
  0x13, 0x00, 0x00, 0x00, 0x00, 0x00, 0x00, 0x09, 0x68, 0x00, 0x00, 0x00, 0x04, 0x00, 0x00, 0x00,
  0xff, 0xff, 0xff, 0xff, 0x03, 0x00, 0x00, 0x00, 0x03, 0x00, 0x00, 0x00, 0x30, 0x00, 0x00, 0x00,
  0x8c, 0xde, 0xff, 0xff, 0x08, 0x00, 0x00, 0x00, 0x10, 0x00, 0x00, 0x00, 0x01, 0x00, 0x00, 0x00,
  0x80, 0xff, 0xff, 0xff, 0xff, 0xff, 0xff, 0xff, 0x01, 0x00, 0x00, 0x00, 0xb8, 0x88, 0x44, 0x3d,
  0x29, 0x00, 0x00, 0x00, 0x69, 0x64, 0x5f, 0x64, 0x65, 0x74, 0x65, 0x63, 0x74, 0x6f, 0x72, 0x5f,
  0x31, 0x2f, 0x6d, 0x61, 0x78, 0x5f, 0x70, 0x6f, 0x6f, 0x6c, 0x69, 0x6e, 0x67, 0x32, 0x64, 0x5f,
  0x35, 0x5f, 0x31, 0x2f, 0x4d, 0x61, 0x78, 0x50, 0x6f, 0x6f, 0x6c, 0x32, 0x64, 0x00, 0x00, 0x00,
  0x04, 0x00, 0x00, 0x00, 0x01, 0x00, 0x00, 0x00, 0x03, 0x00, 0x00, 0x00, 0x03, 0x00, 0x00, 0x00,
  0x30, 0x00, 0x00, 0x00, 0x3a, 0xdf, 0xff, 0xff, 0x00, 0x00, 0x00, 0x01, 0x18, 0x00, 0x00, 0x00,
  0x28, 0x00, 0x00, 0x00, 0x48, 0x00, 0x00, 0x00, 0x12, 0x00, 0x00, 0x00, 0x00, 0x00, 0x00, 0x09,
  0xf0, 0x00, 0x00, 0x00, 0x04, 0x00, 0x00, 0x00, 0xff, 0xff, 0xff, 0xff, 0x07, 0x00, 0x00, 0x00,
  0x07, 0x00, 0x00, 0x00, 0x30, 0x00, 0x00, 0x00, 0x24, 0xdf, 0xff, 0xff, 0x08, 0x00, 0x00, 0x00,
  0x14, 0x00, 0x00, 0x00, 0x01, 0x00, 0x00, 0x00, 0x80, 0xff, 0xff, 0xff, 0xff, 0xff, 0xff, 0xff,
  0x00, 0x00, 0x00, 0x00, 0x01, 0x00, 0x00, 0x00, 0xb8, 0x88, 0x44, 0x3d, 0xaf, 0x00, 0x00, 0x00,
  0x69, 0x64, 0x5f, 0x64, 0x65, 0x74, 0x65, 0x63, 0x74, 0x6f, 0x72, 0x5f, 0x31, 0x2f, 0x72, 0x65,
  0x5f, 0x6c, 0x75, 0x5f, 0x31, 0x32, 0x5f, 0x31, 0x2f, 0x52, 0x65, 0x6c, 0x75, 0x3b, 0x69, 0x64,
  0x5f, 0x64, 0x65, 0x74, 0x65, 0x63, 0x74, 0x6f, 0x72, 0x5f, 0x31, 0x2f, 0x62, 0x61, 0x74, 0x63,
  0x68, 0x5f, 0x6e, 0x6f, 0x72, 0x6d, 0x61, 0x6c, 0x69, 0x7a, 0x61, 0x74, 0x69, 0x6f, 0x6e, 0x5f,
  0x31, 0x32, 0x5f, 0x31, 0x2f, 0x62, 0x61, 0x74, 0x63, 0x68, 0x6e, 0x6f, 0x72, 0x6d, 0x2f, 0x61,
  0x64, 0x64, 0x5f, 0x31, 0x3b, 0x69, 0x64, 0x5f, 0x64, 0x65, 0x74, 0x65, 0x63, 0x74, 0x6f, 0x72,
  0x5f, 0x31, 0x2f, 0x63, 0x6f, 0x6e, 0x76, 0x32, 0x64, 0x5f, 0x37, 0x5f, 0x31, 0x2f, 0x63, 0x6f,
  0x6e, 0x76, 0x6f, 0x6c, 0x75, 0x74, 0x69, 0x6f, 0x6e, 0x3b, 0x69, 0x64, 0x5f, 0x64, 0x65, 0x74,
  0x65, 0x63, 0x74, 0x6f, 0x72, 0x5f, 0x31, 0x2f, 0x62, 0x61, 0x74, 0x63, 0x68, 0x5f, 0x6e, 0x6f,
  0x72, 0x6d, 0x61, 0x6c, 0x69, 0x7a, 0x61, 0x74, 0x69, 0x6f, 0x6e, 0x5f, 0x31, 0x32, 0x5f, 0x31,
  0x2f, 0x62, 0x61, 0x74, 0x63, 0x68, 0x6e, 0x6f, 0x72, 0x6d, 0x2f, 0x73, 0x75, 0x62, 0x31, 0x00,
  0x04, 0x00, 0x00, 0x00, 0x01, 0x00, 0x00, 0x00, 0x07, 0x00, 0x00, 0x00, 0x07, 0x00, 0x00, 0x00,
  0x30, 0x00, 0x00, 0x00, 0x5a, 0xe0, 0xff, 0xff, 0x00, 0x00, 0x00, 0x01, 0x18, 0x00, 0x00, 0x00,
  0x28, 0x00, 0x00, 0x00, 0x44, 0x00, 0x00, 0x00, 0x11, 0x00, 0x00, 0x00, 0x00, 0x00, 0x00, 0x09,
  0x60, 0x01, 0x00, 0x00, 0x04, 0x00, 0x00, 0x00, 0xff, 0xff, 0xff, 0xff, 0x07, 0x00, 0x00, 0x00,
  0x07, 0x00, 0x00, 0x00, 0x18, 0x00, 0x00, 0x00, 0x44, 0xe0, 0xff, 0xff, 0x08, 0x00, 0x00, 0x00,
  0x10, 0x00, 0x00, 0x00, 0x01, 0x00, 0x00, 0x00, 0x80, 0xff, 0xff, 0xff, 0xff, 0xff, 0xff, 0xff,
  0x01, 0x00, 0x00, 0x00, 0x8e, 0x6b, 0x64, 0x3d, 0x23, 0x01, 0x00, 0x00, 0x69, 0x64, 0x5f, 0x64,
  0x65, 0x74, 0x65, 0x63, 0x74, 0x6f, 0x72, 0x5f, 0x31, 0x2f, 0x72, 0x65, 0x5f, 0x6c, 0x75, 0x5f,
  0x31, 0x31, 0x5f, 0x31, 0x2f, 0x52, 0x65, 0x6c, 0x75, 0x3b, 0x69, 0x64, 0x5f, 0x64, 0x65, 0x74,
  0x65, 0x63, 0x74, 0x6f, 0x72, 0x5f, 0x31, 0x2f, 0x62, 0x61, 0x74, 0x63, 0x68, 0x5f, 0x6e, 0x6f,
  0x72, 0x6d, 0x61, 0x6c, 0x69, 0x7a, 0x61, 0x74, 0x69, 0x6f, 0x6e, 0x5f, 0x31, 0x31, 0x5f, 0x31,
  0x2f, 0x62, 0x61, 0x74, 0x63, 0x68, 0x6e, 0x6f, 0x72, 0x6d, 0x2f, 0x61, 0x64, 0x64, 0x5f, 0x31,
  0x3b, 0x69, 0x64, 0x5f, 0x64, 0x65, 0x74, 0x65, 0x63, 0x74, 0x6f, 0x72, 0x5f, 0x31, 0x2f, 0x62,
  0x61, 0x74, 0x63, 0x68, 0x5f, 0x6e, 0x6f, 0x72, 0x6d, 0x61, 0x6c, 0x69, 0x7a, 0x61, 0x74, 0x69,
  0x6f, 0x6e, 0x5f, 0x31, 0x31, 0x5f, 0x31, 0x2f, 0x62, 0x61, 0x74, 0x63, 0x68, 0x6e, 0x6f, 0x72,
  0x6d, 0x2f, 0x6d, 0x75, 0x6c, 0x5f, 0x31, 0x3b, 0x69, 0x64, 0x5f, 0x64, 0x65, 0x74, 0x65, 0x63,
  0x74, 0x6f, 0x72, 0x5f, 0x31, 0x2f, 0x64, 0x65, 0x70, 0x74, 0x68, 0x77, 0x69, 0x73, 0x65, 0x5f,
  0x63, 0x6f, 0x6e, 0x76, 0x32, 0x64, 0x5f, 0x34, 0x5f, 0x31, 0x2f, 0x64, 0x65, 0x70, 0x74, 0x68,
  0x77, 0x69, 0x73, 0x65, 0x3b, 0x69, 0x64, 0x5f, 0x64, 0x65, 0x74, 0x65, 0x63, 0x74, 0x6f, 0x72,
  0x5f, 0x31, 0x2f, 0x62, 0x61, 0x74, 0x63, 0x68, 0x5f, 0x6e, 0x6f, 0x72, 0x6d, 0x61, 0x6c, 0x69,
  0x7a, 0x61, 0x74, 0x69, 0x6f, 0x6e, 0x5f, 0x31, 0x31, 0x5f, 0x31, 0x2f, 0x62, 0x61, 0x74, 0x63,
  0x68, 0x6e, 0x6f, 0x72, 0x6d, 0x2f, 0x6d, 0x75, 0x6c, 0x3b, 0x69, 0x64, 0x5f, 0x64, 0x65, 0x74,
  0x65, 0x63, 0x74, 0x6f, 0x72, 0x5f, 0x31, 0x2f, 0x62, 0x61, 0x74, 0x63, 0x68, 0x5f, 0x6e, 0x6f,
  0x72, 0x6d, 0x61, 0x6c, 0x69, 0x7a, 0x61, 0x74, 0x69, 0x6f, 0x6e, 0x5f, 0x31, 0x31, 0x5f, 0x31,
  0x2f, 0x62, 0x61, 0x74, 0x63, 0x68, 0x6e, 0x6f, 0x72, 0x6d, 0x2f, 0x73, 0x75, 0x62, 0x31, 0x00,
  0x04, 0x00, 0x00, 0x00, 0x01, 0x00, 0x00, 0x00, 0x07, 0x00, 0x00, 0x00, 0x07, 0x00, 0x00, 0x00,
  0x18, 0x00, 0x00, 0x00, 0xea, 0xe1, 0xff, 0xff, 0x00, 0x00, 0x00, 0x01, 0x18, 0x00, 0x00, 0x00,
  0x28, 0x00, 0x00, 0x00, 0x44, 0x00, 0x00, 0x00, 0x10, 0x00, 0x00, 0x00, 0x00, 0x00, 0x00, 0x09,
  0x68, 0x00, 0x00, 0x00, 0x04, 0x00, 0x00, 0x00, 0xff, 0xff, 0xff, 0xff, 0x15, 0x00, 0x00, 0x00,
  0x15, 0x00, 0x00, 0x00, 0x18, 0x00, 0x00, 0x00, 0xd4, 0xe1, 0xff, 0xff, 0x08, 0x00, 0x00, 0x00,
  0x10, 0x00, 0x00, 0x00, 0x01, 0x00, 0x00, 0x00, 0x80, 0xff, 0xff, 0xff, 0xff, 0xff, 0xff, 0xff,
  0x01, 0x00, 0x00, 0x00, 0xfc, 0x6d, 0xde, 0x3c, 0x29, 0x00, 0x00, 0x00, 0x69, 0x64, 0x5f, 0x64,
  0x65, 0x74, 0x65, 0x63, 0x74, 0x6f, 0x72, 0x5f, 0x31, 0x2f, 0x6d, 0x61, 0x78, 0x5f, 0x70, 0x6f,
  0x6f, 0x6c, 0x69, 0x6e, 0x67, 0x32, 0x64, 0x5f, 0x34, 0x5f, 0x31, 0x2f, 0x4d, 0x61, 0x78, 0x50,
  0x6f, 0x6f, 0x6c, 0x32, 0x64, 0x00, 0x00, 0x00, 0x04, 0x00, 0x00, 0x00, 0x01, 0x00, 0x00, 0x00,
  0x15, 0x00, 0x00, 0x00, 0x15, 0x00, 0x00, 0x00, 0x18, 0x00, 0x00, 0x00, 0x82, 0xe2, 0xff, 0xff,
  0x00, 0x00, 0x00, 0x01, 0x18, 0x00, 0x00, 0x00, 0x28, 0x00, 0x00, 0x00, 0x48, 0x00, 0x00, 0x00,
  0x0f, 0x00, 0x00, 0x00, 0x00, 0x00, 0x00, 0x09, 0xf0, 0x00, 0x00, 0x00, 0x04, 0x00, 0x00, 0x00,
  0xff, 0xff, 0xff, 0xff, 0x2b, 0x00, 0x00, 0x00, 0x2b, 0x00, 0x00, 0x00, 0x18, 0x00, 0x00, 0x00,
  0x6c, 0xe2, 0xff, 0xff, 0x08, 0x00, 0x00, 0x00, 0x14, 0x00, 0x00, 0x00, 0x01, 0x00, 0x00, 0x00,
  0x80, 0xff, 0xff, 0xff, 0xff, 0xff, 0xff, 0xff, 0x00, 0x00, 0x00, 0x00, 0x01, 0x00, 0x00, 0x00,
  0xfc, 0x6d, 0xde, 0x3c, 0xaf, 0x00, 0x00, 0x00, 0x69, 0x64, 0x5f, 0x64, 0x65, 0x74, 0x65, 0x63,
  0x74, 0x6f, 0x72, 0x5f, 0x31, 0x2f, 0x72, 0x65, 0x5f, 0x6c, 0x75, 0x5f, 0x31, 0x30, 0x5f, 0x31,
  0x2f, 0x52, 0x65, 0x6c, 0x75, 0x3b, 0x69, 0x64, 0x5f, 0x64, 0x65, 0x74, 0x65, 0x63, 0x74, 0x6f,
  0x72, 0x5f, 0x31, 0x2f, 0x62, 0x61, 0x74, 0x63, 0x68, 0x5f, 0x6e, 0x6f, 0x72, 0x6d, 0x61, 0x6c,
  0x69, 0x7a, 0x61, 0x74, 0x69, 0x6f, 0x6e, 0x5f, 0x31, 0x30, 0x5f, 0x31, 0x2f, 0x62, 0x61, 0x74,
  0x63, 0x68, 0x6e, 0x6f, 0x72, 0x6d, 0x2f, 0x61, 0x64, 0x64, 0x5f, 0x31, 0x3b, 0x69, 0x64, 0x5f,
  0x64, 0x65, 0x74, 0x65, 0x63, 0x74, 0x6f, 0x72, 0x5f, 0x31, 0x2f, 0x63, 0x6f, 0x6e, 0x76, 0x32,
  0x64, 0x5f, 0x36, 0x5f, 0x31, 0x2f, 0x63, 0x6f, 0x6e, 0x76, 0x6f, 0x6c, 0x75, 0x74, 0x69, 0x6f,
  0x6e, 0x3b, 0x69, 0x64, 0x5f, 0x64, 0x65, 0x74, 0x65, 0x63, 0x74, 0x6f, 0x72, 0x5f, 0x31, 0x2f,
  0x62, 0x61, 0x74, 0x63, 0x68, 0x5f, 0x6e, 0x6f, 0x72, 0x6d, 0x61, 0x6c, 0x69, 0x7a, 0x61, 0x74,
  0x69, 0x6f, 0x6e, 0x5f, 0x31, 0x30, 0x5f, 0x31, 0x2f, 0x62, 0x61, 0x74, 0x63, 0x68, 0x6e, 0x6f,
  0x72, 0x6d, 0x2f, 0x73, 0x75, 0x62, 0x31, 0x00, 0x04, 0x00, 0x00, 0x00, 0x01, 0x00, 0x00, 0x00,
  0x2b, 0x00, 0x00, 0x00, 0x2b, 0x00, 0x00, 0x00, 0x18, 0x00, 0x00, 0x00, 0x2e, 0xe4, 0xff, 0xff,
  0x00, 0x00, 0x00, 0x01, 0x14, 0x00, 0x00, 0x00, 0x44, 0x01, 0x00, 0x00, 0x0e, 0x00, 0x00, 0x00,
  0x00, 0x00, 0x00, 0x09, 0x64, 0x01, 0x00, 0x00, 0x74, 0xe3, 0xff, 0xff, 0x08, 0x00, 0x00, 0x00,
  0xc8, 0x00, 0x00, 0x00, 0x18, 0x00, 0x00, 0x00, 0x00, 0x00, 0x00, 0x00, 0x00, 0x00, 0x00, 0x00,
  0x00, 0x00, 0x00, 0x00, 0x00, 0x00, 0x00, 0x00, 0x00, 0x00, 0x00, 0x00, 0x00, 0x00, 0x00, 0x00,
  0x00, 0x00, 0x00, 0x00, 0x00, 0x00, 0x00, 0x00, 0x00, 0x00, 0x00, 0x00, 0x00, 0x00, 0x00, 0x00,
  0x00, 0x00, 0x00, 0x00, 0x00, 0x00, 0x00, 0x00, 0x00, 0x00, 0x00, 0x00, 0x00, 0x00, 0x00, 0x00,
  0x00, 0x00, 0x00, 0x00, 0x00, 0x00, 0x00, 0x00, 0x00, 0x00, 0x00, 0x00, 0x00, 0x00, 0x00, 0x00,
  0x00, 0x00, 0x00, 0x00, 0x00, 0x00, 0x00, 0x00, 0x00, 0x00, 0x00, 0x00, 0x00, 0x00, 0x00, 0x00,
  0x00, 0x00, 0x00, 0x00, 0x00, 0x00, 0x00, 0x00, 0x00, 0x00, 0x00, 0x00, 0x00, 0x00, 0x00, 0x00,
  0x00, 0x00, 0x00, 0x00, 0x00, 0x00, 0x00, 0x00, 0x00, 0x00, 0x00, 0x00, 0x00, 0x00, 0x00, 0x00,
  0x00, 0x00, 0x00, 0x00, 0x00, 0x00, 0x00, 0x00, 0x00, 0x00, 0x00, 0x00, 0x00, 0x00, 0x00, 0x00,
  0x00, 0x00, 0x00, 0x00, 0x00, 0x00, 0x00, 0x00, 0x00, 0x00, 0x00, 0x00, 0x00, 0x00, 0x00, 0x00,
  0x00, 0x00, 0x00, 0x00, 0x00, 0x00, 0x00, 0x00, 0x00, 0x00, 0x00, 0x00, 0x00, 0x00, 0x00, 0x00,
  0x00, 0x00, 0x00, 0x00, 0x00, 0x00, 0x00, 0x00, 0x00, 0x00, 0x00, 0x00, 0x00, 0x00, 0x00, 0x00,
  0x00, 0x00, 0x00, 0x00, 0x00, 0x00, 0x00, 0x00, 0x18, 0x00, 0x00, 0x00, 0x58, 0xcc, 0x48, 0x3c,
  0x8d, 0x63, 0xd8, 0x3b, 0x16, 0x34, 0xfe, 0x3b, 0x15, 0x8f, 0x89, 0x3c, 0x91, 0x64, 0xc7, 0x3b,
  0xc6, 0x2c, 0x7d, 0x3c, 0xac, 0xbb, 0x1b, 0x3c, 0x10, 0xfd, 0x97, 0x3c, 0x51, 0xdf, 0x51, 0x3c,
  0xf3, 0xc9, 0x31, 0x3c, 0x53, 0xc1, 0xa9, 0x3c, 0xce, 0x34, 0xc9, 0x3c, 0x14, 0x91, 0xe2, 0x3b,
  0xec, 0x18, 0x43, 0x3c, 0x68, 0x0f, 0x30, 0x3c, 0x17, 0xff, 0xf3, 0x3b, 0xaf, 0xd7, 0xdf, 0x3b,
  0x80, 0xfb, 0x8e, 0x3c, 0xbf, 0xad, 0x13, 0x3c, 0xda, 0x41, 0xad, 0x3c, 0x56, 0x75, 0xb6, 0x3c,
  0xa7, 0xbf, 0x8a, 0x3c, 0x57, 0xc9, 0x6c, 0x3c, 0xe8, 0x94, 0x37, 0x3c, 0x24, 0x00, 0x00, 0x00,
  0x69, 0x64, 0x5f, 0x64, 0x65, 0x74, 0x65, 0x63, 0x74, 0x6f, 0x72, 0x5f, 0x31, 0x2f, 0x63, 0x6f,
  0x6e, 0x76, 0x32, 0x64, 0x5f, 0x36, 0x5f, 0x31, 0x2f, 0x63, 0x6f, 0x6e, 0x76, 0x6f, 0x6c, 0x75,
  0x74, 0x69, 0x6f, 0x6e, 0x00, 0x00, 0x00, 0x00, 0x04, 0x00, 0x00, 0x00, 0x18, 0x00, 0x00, 0x00,
  0x05, 0x00, 0x00, 0x00, 0x05, 0x00, 0x00, 0x00, 0x01, 0x00, 0x00, 0x00, 0xbe, 0xe5, 0xff, 0xff,
  0x00, 0x00, 0x00, 0x01, 0x14, 0x00, 0x00, 0x00, 0x44, 0x01, 0x00, 0x00, 0x0d, 0x00, 0x00, 0x00,
  0x00, 0x00, 0x00, 0x02, 0xec, 0x01, 0x00, 0x00, 0x04, 0xe5, 0xff, 0xff, 0x08, 0x00, 0x00, 0x00,
  0xc8, 0x00, 0x00, 0x00, 0x18, 0x00, 0x00, 0x00, 0x00, 0x00, 0x00, 0x00, 0x00, 0x00, 0x00, 0x00,
  0x00, 0x00, 0x00, 0x00, 0x00, 0x00, 0x00, 0x00, 0x00, 0x00, 0x00, 0x00, 0x00, 0x00, 0x00, 0x00,
  0x00, 0x00, 0x00, 0x00, 0x00, 0x00, 0x00, 0x00, 0x00, 0x00, 0x00, 0x00, 0x00, 0x00, 0x00, 0x00,
  0x00, 0x00, 0x00, 0x00, 0x00, 0x00, 0x00, 0x00, 0x00, 0x00, 0x00, 0x00, 0x00, 0x00, 0x00, 0x00,
  0x00, 0x00, 0x00, 0x00, 0x00, 0x00, 0x00, 0x00, 0x00, 0x00, 0x00, 0x00, 0x00, 0x00, 0x00, 0x00,
  0x00, 0x00, 0x00, 0x00, 0x00, 0x00, 0x00, 0x00, 0x00, 0x00, 0x00, 0x00, 0x00, 0x00, 0x00, 0x00,
  0x00, 0x00, 0x00, 0x00, 0x00, 0x00, 0x00, 0x00, 0x00, 0x00, 0x00, 0x00, 0x00, 0x00, 0x00, 0x00,
  0x00, 0x00, 0x00, 0x00, 0x00, 0x00, 0x00, 0x00, 0x00, 0x00, 0x00, 0x00, 0x00, 0x00, 0x00, 0x00,
  0x00, 0x00, 0x00, 0x00, 0x00, 0x00, 0x00, 0x00, 0x00, 0x00, 0x00, 0x00, 0x00, 0x00, 0x00, 0x00,
  0x00, 0x00, 0x00, 0x00, 0x00, 0x00, 0x00, 0x00, 0x00, 0x00, 0x00, 0x00, 0x00, 0x00, 0x00, 0x00,
  0x00, 0x00, 0x00, 0x00, 0x00, 0x00, 0x00, 0x00, 0x00, 0x00, 0x00, 0x00, 0x00, 0x00, 0x00, 0x00,
  0x00, 0x00, 0x00, 0x00, 0x00, 0x00, 0x00, 0x00, 0x00, 0x00, 0x00, 0x00, 0x00, 0x00, 0x00, 0x00,
  0x00, 0x00, 0x00, 0x00, 0x00, 0x00, 0x00, 0x00, 0x18, 0x00, 0x00, 0x00, 0xef, 0x95, 0x49, 0x38,
  0xcb, 0x3c, 0xd9, 0x37, 0x4a, 0x33, 0xff, 0x37, 0x2f, 0x19, 0x8a, 0x38, 0xbf, 0x2c, 0xc8, 0x37,
  0xf2, 0x2a, 0x7e, 0x38, 0x05, 0x58, 0x1c, 0x38, 0xa6, 0x95, 0x98, 0x38, 0x04, 0xb2, 0x52, 0x38,
  0x70, 0x7c, 0x32, 0x38, 0xbf, 0x6b, 0xaa, 0x38, 0xce, 0xfe, 0xc9, 0x38, 0x89, 0x74, 0xe3, 0x37,
  0xca, 0xdc, 0x43, 0x38, 0x29, 0xc0, 0x30, 0x38, 0x0c, 0xf4, 0xf4, 0x37, 0x68, 0xb8, 0xe0, 0x37,
  0x0c, 0x8b, 0x8f, 0x38, 0x02, 0x42, 0x14, 0x38, 0xca, 0xef, 0xad, 0x38, 0x83, 0x2c, 0xb7, 0x38,
  0xf2, 0x4a, 0x8b, 0x38, 0x0f, 0xb7, 0x6d, 0x38, 0x36, 0x4d, 0x38, 0x38, 0xae, 0x00, 0x00, 0x00,
  0x69, 0x64, 0x5f, 0x64, 0x65, 0x74, 0x65, 0x63, 0x74, 0x6f, 0x72, 0x5f, 0x31, 0x2f, 0x72, 0x65,
  0x5f, 0x6c, 0x75, 0x5f, 0x31, 0x30, 0x5f, 0x31, 0x2f, 0x52, 0x65, 0x6c, 0x75, 0x3b, 0x69, 0x64,
  0x5f, 0x64, 0x65, 0x74, 0x65, 0x63, 0x74, 0x6f, 0x72, 0x5f, 0x31, 0x2f, 0x62, 0x61, 0x74, 0x63,
  0x68, 0x5f, 0x6e, 0x6f, 0x72, 0x6d, 0x61, 0x6c, 0x69, 0x7a, 0x61, 0x74, 0x69, 0x6f, 0x6e, 0x5f,
  0x31, 0x30, 0x5f, 0x31, 0x2f, 0x62, 0x61, 0x74, 0x63, 0x68, 0x6e, 0x6f, 0x72, 0x6d, 0x2f, 0x61,
  0x64, 0x64, 0x5f, 0x31, 0x3b, 0x69, 0x64, 0x5f, 0x64, 0x65, 0x74, 0x65, 0x63, 0x74, 0x6f, 0x72,
  0x5f, 0x31, 0x2f, 0x63, 0x6f, 0x6e, 0x76, 0x32, 0x64, 0x5f, 0x36, 0x5f, 0x31, 0x2f, 0x63, 0x6f,
  0x6e, 0x76, 0x6f, 0x6c, 0x75, 0x74, 0x69, 0x6f, 0x6e, 0x3b, 0x69, 0x64, 0x5f, 0x64, 0x65, 0x74,
  0x65, 0x63, 0x74, 0x6f, 0x72, 0x5f, 0x31, 0x2f, 0x62, 0x61, 0x74, 0x63, 0x68, 0x5f, 0x6e, 0x6f,
  0x72, 0x6d, 0x61, 0x6c, 0x69, 0x7a, 0x61, 0x74, 0x69, 0x6f, 0x6e, 0x5f, 0x31, 0x30, 0x5f, 0x31,
  0x2f, 0x62, 0x61, 0x74, 0x63, 0x68, 0x6e, 0x6f, 0x72, 0x6d, 0x2f, 0x73, 0x75, 0x62, 0x00, 0x00,
  0x01, 0x00, 0x00, 0x00, 0x18, 0x00, 0x00, 0x00, 0xca, 0xe7, 0xff, 0xff, 0x00, 0x00, 0x00, 0x01,
  0x14, 0x00, 0x00, 0x00, 0x4c, 0x01, 0x00, 0x00, 0x0c, 0x00, 0x00, 0x00, 0x00, 0x00, 0x00, 0x09,
  0xe0, 0x01, 0x00, 0x00, 0x7a, 0xf5, 0xff, 0xff, 0x03, 0x00, 0x00, 0x00, 0x08, 0x00, 0x00, 0x00,
  0xcc, 0x00, 0x00, 0x00, 0x18, 0x00, 0x00, 0x00, 0x00, 0x00, 0x00, 0x00, 0x00, 0x00, 0x00, 0x00,
  0x00, 0x00, 0x00, 0x00, 0x00, 0x00, 0x00, 0x00, 0x00, 0x00, 0x00, 0x00, 0x00, 0x00, 0x00, 0x00,
  0x00, 0x00, 0x00, 0x00, 0x00, 0x00, 0x00, 0x00, 0x00, 0x00, 0x00, 0x00, 0x00, 0x00, 0x00, 0x00,
  0x00, 0x00, 0x00, 0x00, 0x00, 0x00, 0x00, 0x00, 0x00, 0x00, 0x00, 0x00, 0x00, 0x00, 0x00, 0x00,
  0x00, 0x00, 0x00, 0x00, 0x00, 0x00, 0x00, 0x00, 0x00, 0x00, 0x00, 0x00, 0x00, 0x00, 0x00, 0x00,
  0x00, 0x00, 0x00, 0x00, 0x00, 0x00, 0x00, 0x00, 0x00, 0x00, 0x00, 0x00, 0x00, 0x00, 0x00, 0x00,
  0x00, 0x00, 0x00, 0x00, 0x00, 0x00, 0x00, 0x00, 0x00, 0x00, 0x00, 0x00, 0x00, 0x00, 0x00, 0x00,
  0x00, 0x00, 0x00, 0x00, 0x00, 0x00, 0x00, 0x00, 0x00, 0x00, 0x00, 0x00, 0x00, 0x00, 0x00, 0x00,
  0x00, 0x00, 0x00, 0x00, 0x00, 0x00, 0x00, 0x00, 0x00, 0x00, 0x00, 0x00, 0x00, 0x00, 0x00, 0x00,
  0x00, 0x00, 0x00, 0x00, 0x00, 0x00, 0x00, 0x00, 0x00, 0x00, 0x00, 0x00, 0x00, 0x00, 0x00, 0x00,
  0x00, 0x00, 0x00, 0x00, 0x00, 0x00, 0x00, 0x00, 0x00, 0x00, 0x00, 0x00, 0x00, 0x00, 0x00, 0x00,
  0x00, 0x00, 0x00, 0x00, 0x00, 0x00, 0x00, 0x00, 0x00, 0x00, 0x00, 0x00, 0x00, 0x00, 0x00, 0x00,
  0x00, 0x00, 0x00, 0x00, 0x00, 0x00, 0x00, 0x00, 0x00, 0x00, 0x00, 0x00, 0x18, 0x00, 0x00, 0x00,
  0x87, 0x69, 0xed, 0x3b, 0x8c, 0xe5, 0x8d, 0x3c, 0x95, 0x29, 0xac, 0x3c, 0x5c, 0xe4, 0xc4, 0x3b,
  0xd9, 0xc6, 0xc9, 0x3b, 0x5c, 0x3c, 0x45, 0x3c, 0xd5, 0x20, 0x2e, 0x3c, 0x33, 0xaf, 0x30, 0x3c,
  0x2c, 0x44, 0x4d, 0x3c, 0x4e, 0x15, 0x1c, 0x3c, 0xd2, 0x60, 0x06, 0x3c, 0xb0, 0xe2, 0x08, 0x3c,
  0x94, 0x71, 0x90, 0x3c, 0x98, 0x45, 0x8f, 0x3c, 0x21, 0xe1, 0x9c, 0x3c, 0xe2, 0xe3, 0xa9, 0x3c,
  0x94, 0x42, 0x80, 0x3c, 0x78, 0x69, 0x03, 0x3c, 0xfd, 0x9a, 0xda, 0x3b, 0x17, 0x46, 0x59, 0x3c,
  0x55, 0xc4, 0x0a, 0x3c, 0xf0, 0xbe, 0x03, 0x3c, 0x88, 0x23, 0x47, 0x3c, 0x96, 0x43, 0xfb, 0x3b,
  0x98, 0x00, 0x00, 0x00, 0x69, 0x64, 0x5f, 0x64, 0x65, 0x74, 0x65, 0x63, 0x74, 0x6f, 0x72, 0x5f,
  0x31, 0x2f, 0x62, 0x61, 0x74, 0x63, 0x68, 0x5f, 0x6e, 0x6f, 0x72, 0x6d, 0x61, 0x6c, 0x69, 0x7a,
  0x61, 0x74, 0x69, 0x6f, 0x6e, 0x5f, 0x31, 0x31, 0x5f, 0x31, 0x2f, 0x62, 0x61, 0x74, 0x63, 0x68,
  0x6e, 0x6f, 0x72, 0x6d, 0x2f, 0x6d, 0x75, 0x6c, 0x5f, 0x31, 0x3b, 0x69, 0x64, 0x5f, 0x64, 0x65,
  0x74, 0x65, 0x63, 0x74, 0x6f, 0x72, 0x5f, 0x31, 0x2f, 0x64, 0x65, 0x70, 0x74, 0x68, 0x77, 0x69,
  0x73, 0x65, 0x5f, 0x63, 0x6f, 0x6e, 0x76, 0x32, 0x64, 0x5f, 0x34, 0x5f, 0x31, 0x2f, 0x64, 0x65,
  0x70, 0x74, 0x68, 0x77, 0x69, 0x73, 0x65, 0x3b, 0x69, 0x64, 0x5f, 0x64, 0x65, 0x74, 0x65, 0x63,
  0x74, 0x6f, 0x72, 0x5f, 0x31, 0x2f, 0x62, 0x61, 0x74, 0x63, 0x68, 0x5f, 0x6e, 0x6f, 0x72, 0x6d,
  0x61, 0x6c, 0x69, 0x7a, 0x61, 0x74, 0x69, 0x6f, 0x6e, 0x5f, 0x31, 0x31, 0x5f, 0x31, 0x2f, 0x62,
  0x61, 0x74, 0x63, 0x68, 0x6e, 0x6f, 0x72, 0x6d, 0x2f, 0x6d, 0x75, 0x6c, 0x00, 0x00, 0x00, 0x00,
  0x04, 0x00, 0x00, 0x00, 0x01, 0x00, 0x00, 0x00, 0x03, 0x00, 0x00, 0x00, 0x03, 0x00, 0x00, 0x00,
  0x18, 0x00, 0x00, 0x00, 0xd6, 0xe9, 0xff, 0xff, 0x00, 0x00, 0x00, 0x01, 0x14, 0x00, 0x00, 0x00,
  0x44, 0x01, 0x00, 0x00, 0x0b, 0x00, 0x00, 0x00, 0x00, 0x00, 0x00, 0x02, 0x60, 0x02, 0x00, 0x00,
  0x1c, 0xe9, 0xff, 0xff, 0x08, 0x00, 0x00, 0x00, 0xc8, 0x00, 0x00, 0x00, 0x18, 0x00, 0x00, 0x00,
  0x00, 0x00, 0x00, 0x00, 0x00, 0x00, 0x00, 0x00, 0x00, 0x00, 0x00, 0x00, 0x00, 0x00, 0x00, 0x00,
  0x00, 0x00, 0x00, 0x00, 0x00, 0x00, 0x00, 0x00, 0x00, 0x00, 0x00, 0x00, 0x00, 0x00, 0x00, 0x00,
  0x00, 0x00, 0x00, 0x00, 0x00, 0x00, 0x00, 0x00, 0x00, 0x00, 0x00, 0x00, 0x00, 0x00, 0x00, 0x00,
  0x00, 0x00, 0x00, 0x00, 0x00, 0x00, 0x00, 0x00, 0x00, 0x00, 0x00, 0x00, 0x00, 0x00, 0x00, 0x00,
  0x00, 0x00, 0x00, 0x00, 0x00, 0x00, 0x00, 0x00, 0x00, 0x00, 0x00, 0x00, 0x00, 0x00, 0x00, 0x00,
  0x00, 0x00, 0x00, 0x00, 0x00, 0x00, 0x00, 0x00, 0x00, 0x00, 0x00, 0x00, 0x00, 0x00, 0x00, 0x00,
  0x00, 0x00, 0x00, 0x00, 0x00, 0x00, 0x00, 0x00, 0x00, 0x00, 0x00, 0x00, 0x00, 0x00, 0x00, 0x00,
  0x00, 0x00, 0x00, 0x00, 0x00, 0x00, 0x00, 0x00, 0x00, 0x00, 0x00, 0x00, 0x00, 0x00, 0x00, 0x00,
  0x00, 0x00, 0x00, 0x00, 0x00, 0x00, 0x00, 0x00, 0x00, 0x00, 0x00, 0x00, 0x00, 0x00, 0x00, 0x00,
  0x00, 0x00, 0x00, 0x00, 0x00, 0x00, 0x00, 0x00, 0x00, 0x00, 0x00, 0x00, 0x00, 0x00, 0x00, 0x00,
  0x00, 0x00, 0x00, 0x00, 0x00, 0x00, 0x00, 0x00, 0x00, 0x00, 0x00, 0x00, 0x00, 0x00, 0x00, 0x00,
  0x00, 0x00, 0x00, 0x00, 0x00, 0x00, 0x00, 0x00, 0x00, 0x00, 0x00, 0x00, 0x00, 0x00, 0x00, 0x00,
  0x18, 0x00, 0x00, 0x00, 0x83, 0x47, 0x4e, 0x39, 0x0c, 0x94, 0xf6, 0x39, 0x06, 0x96, 0x15, 0x3a,
  0x9f, 0x12, 0x2b, 0x39, 0x20, 0x51, 0x2f, 0x39, 0x15, 0x5f, 0xab, 0x39, 0x48, 0x4b, 0x97, 0x39,
  0xd7, 0x83, 0x99, 0x39, 0x4e, 0x59, 0xb2, 0x39, 0x88, 0x9d, 0x87, 0x39, 0x63, 0x83, 0x69, 0x39,
  0xc8, 0xde, 0x6d, 0x39, 0x1a, 0x01, 0xfb, 0x39, 0xcf, 0xf7, 0xf8, 0x39, 0xa1, 0x4e, 0x08, 0x3a,
  0x9b, 0x9c, 0x13, 0x3a, 0xae, 0xe1, 0xde, 0x39, 0xd7, 0x5b, 0x64, 0x39, 0x53, 0xf0, 0x3d, 0x39,
  0x21, 0xc8, 0xbc, 0x39, 0xc0, 0x23, 0x71, 0x39, 0x5c, 0xf0, 0x64, 0x39, 0x5e, 0x06, 0xad, 0x39,
  0x8f, 0x50, 0x5a, 0x39, 0x22, 0x01, 0x00, 0x00, 0x69, 0x64, 0x5f, 0x64, 0x65, 0x74, 0x65, 0x63,
  0x74, 0x6f, 0x72, 0x5f, 0x31, 0x2f, 0x72, 0x65, 0x5f, 0x6c, 0x75, 0x5f, 0x31, 0x31, 0x5f, 0x31,
  0x2f, 0x52, 0x65, 0x6c, 0x75, 0x3b, 0x69, 0x64, 0x5f, 0x64, 0x65, 0x74, 0x65, 0x63, 0x74, 0x6f,
  0x72, 0x5f, 0x31, 0x2f, 0x62, 0x61, 0x74, 0x63, 0x68, 0x5f, 0x6e, 0x6f, 0x72, 0x6d, 0x61, 0x6c,
  0x69, 0x7a, 0x61, 0x74, 0x69, 0x6f, 0x6e, 0x5f, 0x31, 0x31, 0x5f, 0x31, 0x2f, 0x62, 0x61, 0x74,
  0x63, 0x68, 0x6e, 0x6f, 0x72, 0x6d, 0x2f, 0x61, 0x64, 0x64, 0x5f, 0x31, 0x3b, 0x69, 0x64, 0x5f,
  0x64, 0x65, 0x74, 0x65, 0x63, 0x74, 0x6f, 0x72, 0x5f, 0x31, 0x2f, 0x62, 0x61, 0x74, 0x63, 0x68,
  0x5f, 0x6e, 0x6f, 0x72, 0x6d, 0x61, 0x6c, 0x69, 0x7a, 0x61, 0x74, 0x69, 0x6f, 0x6e, 0x5f, 0x31,
  0x31, 0x5f, 0x31, 0x2f, 0x62, 0x61, 0x74, 0x63, 0x68, 0x6e, 0x6f, 0x72, 0x6d, 0x2f, 0x6d, 0x75,
  0x6c, 0x5f, 0x31, 0x3b, 0x69, 0x64, 0x5f, 0x64, 0x65, 0x74, 0x65, 0x63, 0x74, 0x6f, 0x72, 0x5f,
  0x31, 0x2f, 0x64, 0x65, 0x70, 0x74, 0x68, 0x77, 0x69, 0x73, 0x65, 0x5f, 0x63, 0x6f, 0x6e, 0x76,
  0x32, 0x64, 0x5f, 0x34, 0x5f, 0x31, 0x2f, 0x64, 0x65, 0x70, 0x74, 0x68, 0x77, 0x69, 0x73, 0x65,
  0x3b, 0x69, 0x64, 0x5f, 0x64, 0x65, 0x74, 0x65, 0x63, 0x74, 0x6f, 0x72, 0x5f, 0x31, 0x2f, 0x62,
  0x61, 0x74, 0x63, 0x68, 0x5f, 0x6e, 0x6f, 0x72, 0x6d, 0x61, 0x6c, 0x69, 0x7a, 0x61, 0x74, 0x69,
  0x6f, 0x6e, 0x5f, 0x31, 0x31, 0x5f, 0x31, 0x2f, 0x62, 0x61, 0x74, 0x63, 0x68, 0x6e, 0x6f, 0x72,
  0x6d, 0x2f, 0x6d, 0x75, 0x6c, 0x3b, 0x69, 0x64, 0x5f, 0x64, 0x65, 0x74, 0x65, 0x63, 0x74, 0x6f,
  0x72, 0x5f, 0x31, 0x2f, 0x62, 0x61, 0x74, 0x63, 0x68, 0x5f, 0x6e, 0x6f, 0x72, 0x6d, 0x61, 0x6c,
  0x69, 0x7a, 0x61, 0x74, 0x69, 0x6f, 0x6e, 0x5f, 0x31, 0x31, 0x5f, 0x31, 0x2f, 0x62, 0x61, 0x74,
  0x63, 0x68, 0x6e, 0x6f, 0x72, 0x6d, 0x2f, 0x73, 0x75, 0x62, 0x00, 0x00, 0x01, 0x00, 0x00, 0x00,
  0x18, 0x00, 0x00, 0x00, 0x56, 0xec, 0xff, 0xff, 0x00, 0x00, 0x00, 0x01, 0x14, 0x00, 0x00, 0x00,
  0x64, 0x02, 0x00, 0x00, 0x0a, 0x00, 0x00, 0x00, 0x00, 0x00, 0x00, 0x09, 0x84, 0x02, 0x00, 0x00,
  0x9c, 0xeb, 0xff, 0xff, 0x08, 0x00, 0x00, 0x00, 0x88, 0x01, 0x00, 0x00, 0x30, 0x00, 0x00, 0x00,
  0x00, 0x00, 0x00, 0x00, 0x00, 0x00, 0x00, 0x00, 0x00, 0x00, 0x00, 0x00, 0x00, 0x00, 0x00, 0x00,
  0x00, 0x00, 0x00, 0x00, 0x00, 0x00, 0x00, 0x00, 0x00, 0x00, 0x00, 0x00, 0x00, 0x00, 0x00, 0x00,
  0x00, 0x00, 0x00, 0x00, 0x00, 0x00, 0x00, 0x00, 0x00, 0x00, 0x00, 0x00, 0x00, 0x00, 0x00, 0x00,
  0x00, 0x00, 0x00, 0x00, 0x00, 0x00, 0x00, 0x00, 0x00, 0x00, 0x00, 0x00, 0x00, 0x00, 0x00, 0x00,
  0x00, 0x00, 0x00, 0x00, 0x00, 0x00, 0x00, 0x00, 0x00, 0x00, 0x00, 0x00, 0x00, 0x00, 0x00, 0x00,
  0x00, 0x00, 0x00, 0x00, 0x00, 0x00, 0x00, 0x00, 0x00, 0x00, 0x00, 0x00, 0x00, 0x00, 0x00, 0x00,
  0x00, 0x00, 0x00, 0x00, 0x00, 0x00, 0x00, 0x00, 0x00, 0x00, 0x00, 0x00, 0x00, 0x00, 0x00, 0x00,
  0x00, 0x00, 0x00, 0x00, 0x00, 0x00, 0x00, 0x00, 0x00, 0x00, 0x00, 0x00, 0x00, 0x00, 0x00, 0x00,
  0x00, 0x00, 0x00, 0x00, 0x00, 0x00, 0x00, 0x00, 0x00, 0x00, 0x00, 0x00, 0x00, 0x00, 0x00, 0x00,
  0x00, 0x00, 0x00, 0x00, 0x00, 0x00, 0x00, 0x00, 0x00, 0x00, 0x00, 0x00, 0x00, 0x00, 0x00, 0x00,
  0x00, 0x00, 0x00, 0x00, 0x00, 0x00, 0x00, 0x00, 0x00, 0x00, 0x00, 0x00, 0x00, 0x00, 0x00, 0x00,
  0x00, 0x00, 0x00, 0x00, 0x00, 0x00, 0x00, 0x00, 0x00, 0x00, 0x00, 0x00, 0x00, 0x00, 0x00, 0x00,
  0x00, 0x00, 0x00, 0x00, 0x00, 0x00, 0x00, 0x00, 0x00, 0x00, 0x00, 0x00, 0x00, 0x00, 0x00, 0x00,
  0x00, 0x00, 0x00, 0x00, 0x00, 0x00, 0x00, 0x00, 0x00, 0x00, 0x00, 0x00, 0x00, 0x00, 0x00, 0x00,
  0x00, 0x00, 0x00, 0x00, 0x00, 0x00, 0x00, 0x00, 0x00, 0x00, 0x00, 0x00, 0x00, 0x00, 0x00, 0x00,
  0x00, 0x00, 0x00, 0x00, 0x00, 0x00, 0x00, 0x00, 0x00, 0x00, 0x00, 0x00, 0x00, 0x00, 0x00, 0x00,
  0x00, 0x00, 0x00, 0x00, 0x00, 0x00, 0x00, 0x00, 0x00, 0x00, 0x00, 0x00, 0x00, 0x00, 0x00, 0x00,
  0x00, 0x00, 0x00, 0x00, 0x00, 0x00, 0x00, 0x00, 0x00, 0x00, 0x00, 0x00, 0x00, 0x00, 0x00, 0x00,
  0x00, 0x00, 0x00, 0x00, 0x00, 0x00, 0x00, 0x00, 0x00, 0x00, 0x00, 0x00, 0x00, 0x00, 0x00, 0x00,
  0x00, 0x00, 0x00, 0x00, 0x00, 0x00, 0x00, 0x00, 0x00, 0x00, 0x00, 0x00, 0x00, 0x00, 0x00, 0x00,
  0x00, 0x00, 0x00, 0x00, 0x00, 0x00, 0x00, 0x00, 0x00, 0x00, 0x00, 0x00, 0x00, 0x00, 0x00, 0x00,
  0x00, 0x00, 0x00, 0x00, 0x00, 0x00, 0x00, 0x00, 0x00, 0x00, 0x00, 0x00, 0x00, 0x00, 0x00, 0x00,
  0x00, 0x00, 0x00, 0x00, 0x00, 0x00, 0x00, 0x00, 0x00, 0x00, 0x00, 0x00, 0x00, 0x00, 0x00, 0x00,
  0x00, 0x00, 0x00, 0x00, 0x00, 0x00, 0x00, 0x00, 0x00, 0x00, 0x00, 0x00, 0x00, 0x00, 0x00, 0x00,
  0x30, 0x00, 0x00, 0x00, 0xed, 0xd8, 0xab, 0x3b, 0xd9, 0xec, 0xc5, 0x3b, 0x9d, 0xd5, 0xdb, 0x3b,
  0xe3, 0x6e, 0xb9, 0x3b, 0xa0, 0x47, 0xb3, 0x3b, 0x8e, 0x6b, 0x99, 0x3b, 0x45, 0x77, 0x97, 0x3b,
  0x78, 0xd9, 0x99, 0x3b, 0x70, 0x7a, 0xb7, 0x3b, 0x43, 0x08, 0x69, 0x3b, 0x3c, 0x53, 0x57, 0x3b,
  0xce, 0xd7, 0x8d, 0x3b, 0xba, 0x86, 0x89, 0x3b, 0x66, 0x30, 0xd3, 0x3b, 0x96, 0x50, 0x54, 0x3b,
  0xf3, 0xd0, 0x8c, 0x3b, 0x47, 0x87, 0xb6, 0x3b, 0x13, 0xfb, 0x3f, 0x3b, 0x3e, 0x80, 0x7d, 0x3b,
  0x8e, 0x90, 0x6e, 0x3b, 0xfa, 0x1d, 0x66, 0x3b, 0x4f, 0x8a, 0x99, 0x3b, 0x1e, 0x6c, 0xa3, 0x3b,
  0xd8, 0x56, 0x87, 0x3b, 0x74, 0xad, 0x6a, 0x3b, 0x56, 0xc5, 0x91, 0x3b, 0xcc, 0x29, 0x56, 0x3b,
  0xe0, 0xd9, 0x52, 0x3b, 0x3f, 0xb2, 0x8e, 0x3b, 0xe7, 0x20, 0xa6, 0x3b, 0x05, 0xd2, 0x8a, 0x3b,
  0xef, 0xef, 0xb4, 0x3b, 0xf4, 0x6f, 0x75, 0x3b, 0x69, 0xa8, 0x85, 0x3b, 0x59, 0x12, 0xa8, 0x3b,
  0xcf, 0xc7, 0xc9, 0x3b, 0x0f, 0xbc, 0xa7, 0x3b, 0x21, 0x50, 0x7e, 0x3b, 0x98, 0x81, 0x52, 0x3b,
  0x53, 0x1d, 0x0a, 0x3c, 0xbd, 0x4a, 0x9a, 0x3b, 0x8f, 0xeb, 0x9e, 0x3b, 0x7e, 0xcd, 0xbc, 0x3b,
  0x3a, 0x0a, 0x99, 0x3b, 0xd9, 0x50, 0x5e, 0x3b, 0xd7, 0x2e, 0x6c, 0x3b, 0x88, 0x2d, 0xc1, 0x3b,
  0x3f, 0x23, 0x82, 0x3b, 0x24, 0x00, 0x00, 0x00, 0x69, 0x64, 0x5f, 0x64, 0x65, 0x74, 0x65, 0x63,
  0x74, 0x6f, 0x72, 0x5f, 0x31, 0x2f, 0x63, 0x6f, 0x6e, 0x76, 0x32, 0x64, 0x5f, 0x37, 0x5f, 0x31,
  0x2f, 0x63, 0x6f, 0x6e, 0x76, 0x6f, 0x6c, 0x75, 0x74, 0x69, 0x6f, 0x6e, 0x00, 0x00, 0x00, 0x00,
  0x04, 0x00, 0x00, 0x00, 0x30, 0x00, 0x00, 0x00, 0x01, 0x00, 0x00, 0x00, 0x01, 0x00, 0x00, 0x00,
  0x18, 0x00, 0x00, 0x00, 0x06, 0xef, 0xff, 0xff, 0x00, 0x00, 0x00, 0x01, 0x14, 0x00, 0x00, 0x00,
  0x68, 0x02, 0x00, 0x00, 0x09, 0x00, 0x00, 0x00, 0x00, 0x00, 0x00, 0x02, 0x10, 0x03, 0x00, 0x00,
  0x4c, 0xee, 0xff, 0xff, 0x08, 0x00, 0x00, 0x00, 0x8c, 0x01, 0x00, 0x00, 0x30, 0x00, 0x00, 0x00,
  0x00, 0x00, 0x00, 0x00, 0x00, 0x00, 0x00, 0x00, 0x00, 0x00, 0x00, 0x00, 0x00, 0x00, 0x00, 0x00,
  0x00, 0x00, 0x00, 0x00, 0x00, 0x00, 0x00, 0x00, 0x00, 0x00, 0x00, 0x00, 0x00, 0x00, 0x00, 0x00,
  0x00, 0x00, 0x00, 0x00, 0x00, 0x00, 0x00, 0x00, 0x00, 0x00, 0x00, 0x00, 0x00, 0x00, 0x00, 0x00,
  0x00, 0x00, 0x00, 0x00, 0x00, 0x00, 0x00, 0x00, 0x00, 0x00, 0x00, 0x00, 0x00, 0x00, 0x00, 0x00,
  0x00, 0x00, 0x00, 0x00, 0x00, 0x00, 0x00, 0x00, 0x00, 0x00, 0x00, 0x00, 0x00, 0x00, 0x00, 0x00,
  0x00, 0x00, 0x00, 0x00, 0x00, 0x00, 0x00, 0x00, 0x00, 0x00, 0x00, 0x00, 0x00, 0x00, 0x00, 0x00,
  0x00, 0x00, 0x00, 0x00, 0x00, 0x00, 0x00, 0x00, 0x00, 0x00, 0x00, 0x00, 0x00, 0x00, 0x00, 0x00,
  0x00, 0x00, 0x00, 0x00, 0x00, 0x00, 0x00, 0x00, 0x00, 0x00, 0x00, 0x00, 0x00, 0x00, 0x00, 0x00,
  0x00, 0x00, 0x00, 0x00, 0x00, 0x00, 0x00, 0x00, 0x00, 0x00, 0x00, 0x00, 0x00, 0x00, 0x00, 0x00,
  0x00, 0x00, 0x00, 0x00, 0x00, 0x00, 0x00, 0x00, 0x00, 0x00, 0x00, 0x00, 0x00, 0x00, 0x00, 0x00,
  0x00, 0x00, 0x00, 0x00, 0x00, 0x00, 0x00, 0x00, 0x00, 0x00, 0x00, 0x00, 0x00, 0x00, 0x00, 0x00,
  0x00, 0x00, 0x00, 0x00, 0x00, 0x00, 0x00, 0x00, 0x00, 0x00, 0x00, 0x00, 0x00, 0x00, 0x00, 0x00,
  0x00, 0x00, 0x00, 0x00, 0x00, 0x00, 0x00, 0x00, 0x00, 0x00, 0x00, 0x00, 0x00, 0x00, 0x00, 0x00,
  0x00, 0x00, 0x00, 0x00, 0x00, 0x00, 0x00, 0x00, 0x00, 0x00, 0x00, 0x00, 0x00, 0x00, 0x00, 0x00,
  0x00, 0x00, 0x00, 0x00, 0x00, 0x00, 0x00, 0x00, 0x00, 0x00, 0x00, 0x00, 0x00, 0x00, 0x00, 0x00,
  0x00, 0x00, 0x00, 0x00, 0x00, 0x00, 0x00, 0x00, 0x00, 0x00, 0x00, 0x00, 0x00, 0x00, 0x00, 0x00,
  0x00, 0x00, 0x00, 0x00, 0x00, 0x00, 0x00, 0x00, 0x00, 0x00, 0x00, 0x00, 0x00, 0x00, 0x00, 0x00,
  0x00, 0x00, 0x00, 0x00, 0x00, 0x00, 0x00, 0x00, 0x00, 0x00, 0x00, 0x00, 0x00, 0x00, 0x00, 0x00,
  0x00, 0x00, 0x00, 0x00, 0x00, 0x00, 0x00, 0x00, 0x00, 0x00, 0x00, 0x00, 0x00, 0x00, 0x00, 0x00,
  0x00, 0x00, 0x00, 0x00, 0x00, 0x00, 0x00, 0x00, 0x00, 0x00, 0x00, 0x00, 0x00, 0x00, 0x00, 0x00,
  0x00, 0x00, 0x00, 0x00, 0x00, 0x00, 0x00, 0x00, 0x00, 0x00, 0x00, 0x00, 0x00, 0x00, 0x00, 0x00,
  0x00, 0x00, 0x00, 0x00, 0x00, 0x00, 0x00, 0x00, 0x00, 0x00, 0x00, 0x00, 0x00, 0x00, 0x00, 0x00,
  0x00, 0x00, 0x00, 0x00, 0x00, 0x00, 0x00, 0x00, 0x00, 0x00, 0x00, 0x00, 0x00, 0x00, 0x00, 0x00,
  0x00, 0x00, 0x00, 0x00, 0x00, 0x00, 0x00, 0x00, 0x00, 0x00, 0x00, 0x00, 0x00, 0x00, 0x00, 0x00,
  0x00, 0x00, 0x00, 0x00, 0x30, 0x00, 0x00, 0x00, 0x66, 0x55, 0x99, 0x39, 0x19, 0x9a, 0xb0, 0x39,
  0x9c, 0x26, 0xc4, 0x39, 0xaa, 0x74, 0xa5, 0x39, 0x1d, 0xf7, 0x9f, 0x39, 0x40, 0xe4, 0x88, 0x39,
  0xdc, 0x25, 0x87, 0x39, 0x52, 0x46, 0x89, 0x39, 0x22, 0xb6, 0xa3, 0x39, 0x43, 0xed, 0x4f, 0x39,
  0x99, 0x20, 0x40, 0x39, 0x97, 0x1f, 0x7d, 0x39, 0x8b, 0x6b, 0x75, 0x39, 0xd5, 0x6f, 0xbc, 0x39,
  0xf9, 0x70, 0x3d, 0x39, 0x84, 0x4a, 0x7b, 0x39, 0x2b, 0xdd, 0xa2, 0x39, 0x45, 0x4c, 0x2b, 0x39,
  0xb8, 0x30, 0x62, 0x39, 0xf9, 0xdc, 0x54, 0x39, 0x61, 0x53, 0x4d, 0x39, 0xb0, 0xff, 0x88, 0x39,
  0xf4, 0xd0, 0x91, 0x39, 0x69, 0x84, 0x71, 0x39, 0x14, 0x65, 0x51, 0x39, 0xff, 0x10, 0x82, 0x39,
  0x34, 0x17, 0x3f, 0x39, 0xa2, 0x22, 0x3c, 0x39, 0x68, 0xa5, 0x7e, 0x39, 0x1a, 0x3b, 0x94, 0x39,
  0xbe, 0xba, 0x77, 0x39, 0xb6, 0x71, 0xa1, 0x39, 0xd3, 0xfe, 0x5a, 0x39, 0x4a, 0x84, 0x6e, 0x39,
  0xf4, 0xf6, 0x95, 0x39, 0xbb, 0x0a, 0xb4, 0x39, 0xf6, 0xa9, 0x95, 0x39, 0x36, 0xea, 0x62, 0x39,
  0xdc, 0xd3, 0x3b, 0x39, 0x4a, 0x78, 0xf6, 0x39, 0x63, 0xab, 0x89, 0x39, 0x90, 0xcc, 0x8d, 0x39,
  0x57, 0x76, 0xa8, 0x39, 0x68, 0x8d, 0x88, 0x39, 0x68, 0x5d, 0x46, 0x39, 0xf2, 0xbc, 0x52, 0x39,
  0xb6, 0x5d, 0xac, 0x39, 0x22, 0x3c, 0x68, 0x39, 0xae, 0x00, 0x00, 0x00, 0x69, 0x64, 0x5f, 0x64,
  0x65, 0x74, 0x65, 0x63, 0x74, 0x6f, 0x72, 0x5f, 0x31, 0x2f, 0x72, 0x65, 0x5f, 0x6c, 0x75, 0x5f,
  0x31, 0x32, 0x5f, 0x31, 0x2f, 0x52, 0x65, 0x6c, 0x75, 0x3b, 0x69, 0x64, 0x5f, 0x64, 0x65, 0x74,
  0x65, 0x63, 0x74, 0x6f, 0x72, 0x5f, 0x31, 0x2f, 0x62, 0x61, 0x74, 0x63, 0x68, 0x5f, 0x6e, 0x6f,
  0x72, 0x6d, 0x61, 0x6c, 0x69, 0x7a, 0x61, 0x74, 0x69, 0x6f, 0x6e, 0x5f, 0x31, 0x32, 0x5f, 0x31,
  0x2f, 0x62, 0x61, 0x74, 0x63, 0x68, 0x6e, 0x6f, 0x72, 0x6d, 0x2f, 0x61, 0x64, 0x64, 0x5f, 0x31,
  0x3b, 0x69, 0x64, 0x5f, 0x64, 0x65, 0x74, 0x65, 0x63, 0x74, 0x6f, 0x72, 0x5f, 0x31, 0x2f, 0x63,
  0x6f, 0x6e, 0x76, 0x32, 0x64, 0x5f, 0x37, 0x5f, 0x31, 0x2f, 0x63, 0x6f, 0x6e, 0x76, 0x6f, 0x6c,
  0x75, 0x74, 0x69, 0x6f, 0x6e, 0x3b, 0x69, 0x64, 0x5f, 0x64, 0x65, 0x74, 0x65, 0x63, 0x74, 0x6f,
  0x72, 0x5f, 0x31, 0x2f, 0x62, 0x61, 0x74, 0x63, 0x68, 0x5f, 0x6e, 0x6f, 0x72, 0x6d, 0x61, 0x6c,
  0x69, 0x7a, 0x61, 0x74, 0x69, 0x6f, 0x6e, 0x5f, 0x31, 0x32, 0x5f, 0x31, 0x2f, 0x62, 0x61, 0x74,
  0x63, 0x68, 0x6e, 0x6f, 0x72, 0x6d, 0x2f, 0x73, 0x75, 0x62, 0x00, 0x00, 0x01, 0x00, 0x00, 0x00,
  0x30, 0x00, 0x00, 0x00, 0x00, 0x00, 0x16, 0x00, 0x1e, 0x00, 0x18, 0x00, 0x17, 0x00, 0x10, 0x00,
  0x0c, 0x00, 0x08, 0x00, 0x00, 0x00, 0x00, 0x00, 0x00, 0x00, 0x07, 0x00, 0x16, 0x00, 0x00, 0x00,
  0x00, 0x00, 0x00, 0x01, 0x28, 0x00, 0x00, 0x00, 0x80, 0x02, 0x00, 0x00, 0x08, 0x00, 0x00, 0x00,
  0x00, 0x00, 0x00, 0x09, 0x14, 0x03, 0x00, 0x00, 0x00, 0x00, 0x12, 0x00, 0x10, 0x00, 0x00, 0x00,
  0x00, 0x00, 0x0c, 0x00, 0x08, 0x00, 0x00, 0x00, 0x00, 0x00, 0x04, 0x00, 0x12, 0x00, 0x00, 0x00,
  0x03, 0x00, 0x00, 0x00, 0x08, 0x00, 0x00, 0x00, 0x8c, 0x01, 0x00, 0x00, 0x30, 0x00, 0x00, 0x00,
  0x00, 0x00, 0x00, 0x00, 0x00, 0x00, 0x00, 0x00, 0x00, 0x00, 0x00, 0x00, 0x00, 0x00, 0x00, 0x00,
  0x00, 0x00, 0x00, 0x00, 0x00, 0x00, 0x00, 0x00, 0x00, 0x00, 0x00, 0x00, 0x00, 0x00, 0x00, 0x00,
  0x00, 0x00, 0x00, 0x00, 0x00, 0x00, 0x00, 0x00, 0x00, 0x00, 0x00, 0x00, 0x00, 0x00, 0x00, 0x00,
  0x00, 0x00, 0x00, 0x00, 0x00, 0x00, 0x00, 0x00, 0x00, 0x00, 0x00, 0x00, 0x00, 0x00, 0x00, 0x00,
  0x00, 0x00, 0x00, 0x00, 0x00, 0x00, 0x00, 0x00, 0x00, 0x00, 0x00, 0x00, 0x00, 0x00, 0x00, 0x00,
  0x00, 0x00, 0x00, 0x00, 0x00, 0x00, 0x00, 0x00, 0x00, 0x00, 0x00, 0x00, 0x00, 0x00, 0x00, 0x00,
  0x00, 0x00, 0x00, 0x00, 0x00, 0x00, 0x00, 0x00, 0x00, 0x00, 0x00, 0x00, 0x00, 0x00, 0x00, 0x00,
  0x00, 0x00, 0x00, 0x00, 0x00, 0x00, 0x00, 0x00, 0x00, 0x00, 0x00, 0x00, 0x00, 0x00, 0x00, 0x00,
  0x00, 0x00, 0x00, 0x00, 0x00, 0x00, 0x00, 0x00, 0x00, 0x00, 0x00, 0x00, 0x00, 0x00, 0x00, 0x00,
  0x00, 0x00, 0x00, 0x00, 0x00, 0x00, 0x00, 0x00, 0x00, 0x00, 0x00, 0x00, 0x00, 0x00, 0x00, 0x00,
  0x00, 0x00, 0x00, 0x00, 0x00, 0x00, 0x00, 0x00, 0x00, 0x00, 0x00, 0x00, 0x00, 0x00, 0x00, 0x00,
  0x00, 0x00, 0x00, 0x00, 0x00, 0x00, 0x00, 0x00, 0x00, 0x00, 0x00, 0x00, 0x00, 0x00, 0x00, 0x00,
  0x00, 0x00, 0x00, 0x00, 0x00, 0x00, 0x00, 0x00, 0x00, 0x00, 0x00, 0x00, 0x00, 0x00, 0x00, 0x00,
  0x00, 0x00, 0x00, 0x00, 0x00, 0x00, 0x00, 0x00, 0x00, 0x00, 0x00, 0x00, 0x00, 0x00, 0x00, 0x00,
  0x00, 0x00, 0x00, 0x00, 0x00, 0x00, 0x00, 0x00, 0x00, 0x00, 0x00, 0x00, 0x00, 0x00, 0x00, 0x00,
  0x00, 0x00, 0x00, 0x00, 0x00, 0x00, 0x00, 0x00, 0x00, 0x00, 0x00, 0x00, 0x00, 0x00, 0x00, 0x00,
  0x00, 0x00, 0x00, 0x00, 0x00, 0x00, 0x00, 0x00, 0x00, 0x00, 0x00, 0x00, 0x00, 0x00, 0x00, 0x00,
  0x00, 0x00, 0x00, 0x00, 0x00, 0x00, 0x00, 0x00, 0x00, 0x00, 0x00, 0x00, 0x00, 0x00, 0x00, 0x00,
  0x00, 0x00, 0x00, 0x00, 0x00, 0x00, 0x00, 0x00, 0x00, 0x00, 0x00, 0x00, 0x00, 0x00, 0x00, 0x00,
  0x00, 0x00, 0x00, 0x00, 0x00, 0x00, 0x00, 0x00, 0x00, 0x00, 0x00, 0x00, 0x00, 0x00, 0x00, 0x00,
  0x00, 0x00, 0x00, 0x00, 0x00, 0x00, 0x00, 0x00, 0x00, 0x00, 0x00, 0x00, 0x00, 0x00, 0x00, 0x00,
  0x00, 0x00, 0x00, 0x00, 0x00, 0x00, 0x00, 0x00, 0x00, 0x00, 0x00, 0x00, 0x00, 0x00, 0x00, 0x00,
  0x00, 0x00, 0x00, 0x00, 0x00, 0x00, 0x00, 0x00, 0x00, 0x00, 0x00, 0x00, 0x00, 0x00, 0x00, 0x00,
  0x00, 0x00, 0x00, 0x00, 0x00, 0x00, 0x00, 0x00, 0x00, 0x00, 0x00, 0x00, 0x00, 0x00, 0x00, 0x00,
  0x00, 0x00, 0x00, 0x00, 0x30, 0x00, 0x00, 0x00, 0x83, 0x0e, 0x8e, 0x3b, 0x7d, 0xa9, 0x91, 0x3b,
  0x57, 0xd6, 0x0c, 0x3c, 0x11, 0x53, 0xe5, 0x3b, 0xa4, 0x7c, 0x9b, 0x3b, 0xa0, 0xe6, 0xd0, 0x3b,
  0x4a, 0x46, 0x7a, 0x3b, 0xde, 0xa7, 0xc4, 0x3b, 0x79, 0xa4, 0xa5, 0x3b, 0xb1, 0x8b, 0x83, 0x3b,
  0xb5, 0x0c, 0xd1, 0x3b, 0x6c, 0x39, 0x73, 0x3b, 0x41, 0x44, 0x0a, 0x3c, 0x39, 0x5b, 0x98, 0x3b,
  0x74, 0x5d, 0xb0, 0x3b, 0x20, 0x9d, 0xdf, 0x3b, 0xdd, 0x34, 0x88, 0x3b, 0xcd, 0xa2, 0xb2, 0x3b,
  0x86, 0x05, 0xfc, 0x3b, 0x92, 0xfe, 0x8a, 0x3b, 0xc8, 0xa8, 0x6c, 0x3b, 0x3c, 0x15, 0x22, 0x3b,
  0x24, 0xae, 0x52, 0x3b, 0xa7, 0xcd, 0xa3, 0x3b, 0xf4, 0x3e, 0x5f, 0x3c, 0x33, 0xfd, 0x88, 0x3b,
  0x05, 0x02, 0x50, 0x3b, 0x3a, 0x2b, 0x75, 0x3c, 0x26, 0xe5, 0x99, 0x3b, 0xeb, 0x18, 0xea, 0x3b,
  0xdb, 0xb0, 0xac, 0x3b, 0x3a, 0xea, 0x9a, 0x3b, 0x5a, 0xfc, 0x6a, 0x3b, 0xdc, 0x10, 0x8f, 0x3b,
  0x38, 0x6d, 0x73, 0x3b, 0xe6, 0xc5, 0x8d, 0x3b, 0xf2, 0x7f, 0x15, 0x3c, 0x8b, 0xc0, 0x27, 0x3c,
  0x0e, 0x1e, 0x18, 0x3c, 0x04, 0x6a, 0xcc, 0x3b, 0x11, 0xd6, 0x76, 0x3b, 0x82, 0x40, 0x17, 0x3c,
  0xe6, 0xc3, 0xc3, 0x3b, 0xb6, 0x84, 0xb5, 0x3b, 0x4e, 0x5a, 0xad, 0x3b, 0xf9, 0x16, 0xdc, 0x3b,
  0x2b, 0xad, 0xab, 0x3b, 0x50, 0x92, 0x9f, 0x3b, 0x98, 0x00, 0x00, 0x00, 0x69, 0x64, 0x5f, 0x64,
  0x65, 0x74, 0x65, 0x63, 0x74, 0x6f, 0x72, 0x5f, 0x31, 0x2f, 0x62, 0x61, 0x74, 0x63, 0x68, 0x5f,
  0x6e, 0x6f, 0x72, 0x6d, 0x61, 0x6c, 0x69, 0x7a, 0x61, 0x74, 0x69, 0x6f, 0x6e, 0x5f, 0x31, 0x33,
  0x5f, 0x31, 0x2f, 0x62, 0x61, 0x74, 0x63, 0x68, 0x6e, 0x6f, 0x72, 0x6d, 0x2f, 0x6d, 0x75, 0x6c,
  0x5f, 0x31, 0x3b, 0x69, 0x64, 0x5f, 0x64, 0x65, 0x74, 0x65, 0x63, 0x74, 0x6f, 0x72, 0x5f, 0x31,
  0x2f, 0x64, 0x65, 0x70, 0x74, 0x68, 0x77, 0x69, 0x73, 0x65, 0x5f, 0x63, 0x6f, 0x6e, 0x76, 0x32,
  0x64, 0x5f, 0x35, 0x5f, 0x31, 0x2f, 0x64, 0x65, 0x70, 0x74, 0x68, 0x77, 0x69, 0x73, 0x65, 0x3b,
  0x69, 0x64, 0x5f, 0x64, 0x65, 0x74, 0x65, 0x63, 0x74, 0x6f, 0x72, 0x5f, 0x31, 0x2f, 0x62, 0x61,
  0x74, 0x63, 0x68, 0x5f, 0x6e, 0x6f, 0x72, 0x6d, 0x61, 0x6c, 0x69, 0x7a, 0x61, 0x74, 0x69, 0x6f,
  0x6e, 0x5f, 0x31, 0x33, 0x5f, 0x31, 0x2f, 0x62, 0x61, 0x74, 0x63, 0x68, 0x6e, 0x6f, 0x72, 0x6d,
  0x2f, 0x6d, 0x75, 0x6c, 0x00, 0x00, 0x00, 0x00, 0x04, 0x00, 0x00, 0x00, 0x01, 0x00, 0x00, 0x00,
  0x03, 0x00, 0x00, 0x00, 0x03, 0x00, 0x00, 0x00, 0x30, 0x00, 0x00, 0x00, 0x8e, 0xf5, 0xff, 0xff,
  0x00, 0x00, 0x00, 0x01, 0x14, 0x00, 0x00, 0x00, 0x64, 0x02, 0x00, 0x00, 0x07, 0x00, 0x00, 0x00,
  0x00, 0x00, 0x00, 0x02, 0x80, 0x03, 0x00, 0x00, 0xd4, 0xf4, 0xff, 0xff, 0x08, 0x00, 0x00, 0x00,
  0x88, 0x01, 0x00, 0x00, 0x30, 0x00, 0x00, 0x00, 0x00, 0x00, 0x00, 0x00, 0x00, 0x00, 0x00, 0x00,
  0x00, 0x00, 0x00, 0x00, 0x00, 0x00, 0x00, 0x00, 0x00, 0x00, 0x00, 0x00, 0x00, 0x00, 0x00, 0x00,
  0x00, 0x00, 0x00, 0x00, 0x00, 0x00, 0x00, 0x00, 0x00, 0x00, 0x00, 0x00, 0x00, 0x00, 0x00, 0x00,
  0x00, 0x00, 0x00, 0x00, 0x00, 0x00, 0x00, 0x00, 0x00, 0x00, 0x00, 0x00, 0x00, 0x00, 0x00, 0x00,
  0x00, 0x00, 0x00, 0x00, 0x00, 0x00, 0x00, 0x00, 0x00, 0x00, 0x00, 0x00, 0x00, 0x00, 0x00, 0x00,
  0x00, 0x00, 0x00, 0x00, 0x00, 0x00, 0x00, 0x00, 0x00, 0x00, 0x00, 0x00, 0x00, 0x00, 0x00, 0x00,
  0x00, 0x00, 0x00, 0x00, 0x00, 0x00, 0x00, 0x00, 0x00, 0x00, 0x00, 0x00, 0x00, 0x00, 0x00, 0x00,
  0x00, 0x00, 0x00, 0x00, 0x00, 0x00, 0x00, 0x00, 0x00, 0x00, 0x00, 0x00, 0x00, 0x00, 0x00, 0x00,
  0x00, 0x00, 0x00, 0x00, 0x00, 0x00, 0x00, 0x00, 0x00, 0x00, 0x00, 0x00, 0x00, 0x00, 0x00, 0x00,
  0x00, 0x00, 0x00, 0x00, 0x00, 0x00, 0x00, 0x00, 0x00, 0x00, 0x00, 0x00, 0x00, 0x00, 0x00, 0x00,
  0x00, 0x00, 0x00, 0x00, 0x00, 0x00, 0x00, 0x00, 0x00, 0x00, 0x00, 0x00, 0x00, 0x00, 0x00, 0x00,
  0x00, 0x00, 0x00, 0x00, 0x00, 0x00, 0x00, 0x00, 0x00, 0x00, 0x00, 0x00, 0x00, 0x00, 0x00, 0x00,
  0x00, 0x00, 0x00, 0x00, 0x00, 0x00, 0x00, 0x00, 0x00, 0x00, 0x00, 0x00, 0x00, 0x00, 0x00, 0x00,
  0x00, 0x00, 0x00, 0x00, 0x00, 0x00, 0x00, 0x00, 0x00, 0x00, 0x00, 0x00, 0x00, 0x00, 0x00, 0x00,
  0x00, 0x00, 0x00, 0x00, 0x00, 0x00, 0x00, 0x00, 0x00, 0x00, 0x00, 0x00, 0x00, 0x00, 0x00, 0x00,
  0x00, 0x00, 0x00, 0x00, 0x00, 0x00, 0x00, 0x00, 0x00, 0x00, 0x00, 0x00, 0x00, 0x00, 0x00, 0x00,
  0x00, 0x00, 0x00, 0x00, 0x00, 0x00, 0x00, 0x00, 0x00, 0x00, 0x00, 0x00, 0x00, 0x00, 0x00, 0x00,
  0x00, 0x00, 0x00, 0x00, 0x00, 0x00, 0x00, 0x00, 0x00, 0x00, 0x00, 0x00, 0x00, 0x00, 0x00, 0x00,
  0x00, 0x00, 0x00, 0x00, 0x00, 0x00, 0x00, 0x00, 0x00, 0x00, 0x00, 0x00, 0x00, 0x00, 0x00, 0x00,
  0x00, 0x00, 0x00, 0x00, 0x00, 0x00, 0x00, 0x00, 0x00, 0x00, 0x00, 0x00, 0x00, 0x00, 0x00, 0x00,
  0x00, 0x00, 0x00, 0x00, 0x00, 0x00, 0x00, 0x00, 0x00, 0x00, 0x00, 0x00, 0x00, 0x00, 0x00, 0x00,
  0x00, 0x00, 0x00, 0x00, 0x00, 0x00, 0x00, 0x00, 0x00, 0x00, 0x00, 0x00, 0x00, 0x00, 0x00, 0x00,
  0x00, 0x00, 0x00, 0x00, 0x00, 0x00, 0x00, 0x00, 0x00, 0x00, 0x00, 0x00, 0x00, 0x00, 0x00, 0x00,
  0x00, 0x00, 0x00, 0x00, 0x00, 0x00, 0x00, 0x00, 0x00, 0x00, 0x00, 0x00, 0x00, 0x00, 0x00, 0x00,
  0x00, 0x00, 0x00, 0x00, 0x00, 0x00, 0x00, 0x00, 0x30, 0x00, 0x00, 0x00, 0xf4, 0x1d, 0x5a, 0x39,
  0x1d, 0xa7, 0x5f, 0x39, 0xa3, 0x3e, 0xd8, 0x39, 0x12, 0x0e, 0xb0, 0x39, 0xef, 0xbc, 0x6e, 0x39,
  0x23, 0x60, 0xa0, 0x39, 0x7a, 0x23, 0x40, 0x39, 0x8c, 0xf9, 0x96, 0x39, 0xc6, 0x54, 0x7e, 0x39,
  0x69, 0xfa, 0x49, 0x39, 0x60, 0x7d, 0xa0, 0x39, 0xdc, 0xb9, 0x3a, 0x39, 0x33, 0x4c, 0xd4, 0x39,
  0x6b, 0xee, 0x69, 0x39, 0xbd, 0x65, 0x87, 0x39, 0xb9, 0xab, 0xab, 0x39, 0x6e, 0x22, 0x51, 0x39,
  0x0c, 0x24, 0x89, 0x39, 0xd3, 0x7a, 0xc1, 0x39, 0x46, 0x6a, 0x55, 0x39, 0x9d, 0xaf, 0x35, 0x39,
  0xa3, 0xdd, 0xf8, 0x38, 0xd8, 0xbd, 0x21, 0x39, 0xde, 0x81, 0x7b, 0x39, 0x6d, 0x63, 0x2b, 0x3a,
  0x08, 0x56, 0x52, 0x39, 0xa2, 0xb0, 0x1f, 0x39, 0x08, 0x38, 0x3c, 0x3a, 0x43, 0x4b, 0x6c, 0x39,
  0x19, 0xb8, 0xb3, 0x39, 0xa2, 0x93, 0x84, 0x39, 0x20, 0xdc, 0x6d, 0x39, 0xb4, 0x66, 0x34, 0x39,
  0xa0, 0xaa, 0x5b, 0x39, 0xa0, 0xe1, 0x3a, 0x39, 0x76, 0xae, 0x59, 0x39, 0x99, 0x8b, 0xe5, 0x39,
  0x01, 0xc9, 0x00, 0x3a, 0x80, 0x90, 0xe9, 0x39, 0x56, 0xee, 0x9c, 0x39, 0xb8, 0x7f, 0x3d, 0x39,
  0x55, 0x3c, 0xe8, 0x39, 0x89, 0x4a, 0x96, 0x39, 0x8c, 0x5a, 0x8b, 0x39, 0xb8, 0x15, 0x85, 0x39,
  0x21, 0xf7, 0xa8, 0x39, 0x44, 0xcc, 0x83, 0x39, 0x7b, 0x02, 0x75, 0x39, 0x22, 0x01, 0x00, 0x00,
  0x69, 0x64, 0x5f, 0x64, 0x65, 0x74, 0x65, 0x63, 0x74, 0x6f, 0x72, 0x5f, 0x31, 0x2f, 0x72, 0x65,
  0x5f, 0x6c, 0x75, 0x5f, 0x31, 0x33, 0x5f, 0x31, 0x2f, 0x52, 0x65, 0x6c, 0x75, 0x3b, 0x69, 0x64,
  0x5f, 0x64, 0x65, 0x74, 0x65, 0x63, 0x74, 0x6f, 0x72, 0x5f, 0x31, 0x2f, 0x62, 0x61, 0x74, 0x63,
  0x68, 0x5f, 0x6e, 0x6f, 0x72, 0x6d, 0x61, 0x6c, 0x69, 0x7a, 0x61, 0x74, 0x69, 0x6f, 0x6e, 0x5f,
  0x31, 0x33, 0x5f, 0x31, 0x2f, 0x62, 0x61, 0x74, 0x63, 0x68, 0x6e, 0x6f, 0x72, 0x6d, 0x2f, 0x61,
  0x64, 0x64, 0x5f, 0x31, 0x3b, 0x69, 0x64, 0x5f, 0x64, 0x65, 0x74, 0x65, 0x63, 0x74, 0x6f, 0x72,
  0x5f, 0x31, 0x2f, 0x62, 0x61, 0x74, 0x63, 0x68, 0x5f, 0x6e, 0x6f, 0x72, 0x6d, 0x61, 0x6c, 0x69,
  0x7a, 0x61, 0x74, 0x69, 0x6f, 0x6e, 0x5f, 0x31, 0x33, 0x5f, 0x31, 0x2f, 0x62, 0x61, 0x74, 0x63,
  0x68, 0x6e, 0x6f, 0x72, 0x6d, 0x2f, 0x6d, 0x75, 0x6c, 0x5f, 0x31, 0x3b, 0x69, 0x64, 0x5f, 0x64,
  0x65, 0x74, 0x65, 0x63, 0x74, 0x6f, 0x72, 0x5f, 0x31, 0x2f, 0x64, 0x65, 0x70, 0x74, 0x68, 0x77,
  0x69, 0x73, 0x65, 0x5f, 0x63, 0x6f, 0x6e, 0x76, 0x32, 0x64, 0x5f, 0x35, 0x5f, 0x31, 0x2f, 0x64,
  0x65, 0x70, 0x74, 0x68, 0x77, 0x69, 0x73, 0x65, 0x3b, 0x69, 0x64, 0x5f, 0x64, 0x65, 0x74, 0x65,
  0x63, 0x74, 0x6f, 0x72, 0x5f, 0x31, 0x2f, 0x62, 0x61, 0x74, 0x63, 0x68, 0x5f, 0x6e, 0x6f, 0x72,
  0x6d, 0x61, 0x6c, 0x69, 0x7a, 0x61, 0x74, 0x69, 0x6f, 0x6e, 0x5f, 0x31, 0x33, 0x5f, 0x31, 0x2f,
  0x62, 0x61, 0x74, 0x63, 0x68, 0x6e, 0x6f, 0x72, 0x6d, 0x2f, 0x6d, 0x75, 0x6c, 0x3b, 0x69, 0x64,
  0x5f, 0x64, 0x65, 0x74, 0x65, 0x63, 0x74, 0x6f, 0x72, 0x5f, 0x31, 0x2f, 0x62, 0x61, 0x74, 0x63,
  0x68, 0x5f, 0x6e, 0x6f, 0x72, 0x6d, 0x61, 0x6c, 0x69, 0x7a, 0x61, 0x74, 0x69, 0x6f, 0x6e, 0x5f,
  0x31, 0x33, 0x5f, 0x31, 0x2f, 0x62, 0x61, 0x74, 0x63, 0x68, 0x6e, 0x6f, 0x72, 0x6d, 0x2f, 0x73,
  0x75, 0x62, 0x00, 0x00, 0x01, 0x00, 0x00, 0x00, 0x30, 0x00, 0x00, 0x00, 0x2e, 0xf9, 0xff, 0xff,
  0x00, 0x00, 0x00, 0x01, 0x14, 0x00, 0x00, 0x00, 0x64, 0x02, 0x00, 0x00, 0x06, 0x00, 0x00, 0x00,
  0x00, 0x00, 0x00, 0x09, 0x84, 0x02, 0x00, 0x00, 0x74, 0xf8, 0xff, 0xff, 0x08, 0x00, 0x00, 0x00,
  0x88, 0x01, 0x00, 0x00, 0x30, 0x00, 0x00, 0x00, 0x00, 0x00, 0x00, 0x00, 0x00, 0x00, 0x00, 0x00,
  0x00, 0x00, 0x00, 0x00, 0x00, 0x00, 0x00, 0x00, 0x00, 0x00, 0x00, 0x00, 0x00, 0x00, 0x00, 0x00,
  0x00, 0x00, 0x00, 0x00, 0x00, 0x00, 0x00, 0x00, 0x00, 0x00, 0x00, 0x00, 0x00, 0x00, 0x00, 0x00,
  0x00, 0x00, 0x00, 0x00, 0x00, 0x00, 0x00, 0x00, 0x00, 0x00, 0x00, 0x00, 0x00, 0x00, 0x00, 0x00,
  0x00, 0x00, 0x00, 0x00, 0x00, 0x00, 0x00, 0x00, 0x00, 0x00, 0x00, 0x00, 0x00, 0x00, 0x00, 0x00,
  0x00, 0x00, 0x00, 0x00, 0x00, 0x00, 0x00, 0x00, 0x00, 0x00, 0x00, 0x00, 0x00, 0x00, 0x00, 0x00,
  0x00, 0x00, 0x00, 0x00, 0x00, 0x00, 0x00, 0x00, 0x00, 0x00, 0x00, 0x00, 0x00, 0x00, 0x00, 0x00,
  0x00, 0x00, 0x00, 0x00, 0x00, 0x00, 0x00, 0x00, 0x00, 0x00, 0x00, 0x00, 0x00, 0x00, 0x00, 0x00,
  0x00, 0x00, 0x00, 0x00, 0x00, 0x00, 0x00, 0x00, 0x00, 0x00, 0x00, 0x00, 0x00, 0x00, 0x00, 0x00,
  0x00, 0x00, 0x00, 0x00, 0x00, 0x00, 0x00, 0x00, 0x00, 0x00, 0x00, 0x00, 0x00, 0x00, 0x00, 0x00,
  0x00, 0x00, 0x00, 0x00, 0x00, 0x00, 0x00, 0x00, 0x00, 0x00, 0x00, 0x00, 0x00, 0x00, 0x00, 0x00,
  0x00, 0x00, 0x00, 0x00, 0x00, 0x00, 0x00, 0x00, 0x00, 0x00, 0x00, 0x00, 0x00, 0x00, 0x00, 0x00,
  0x00, 0x00, 0x00, 0x00, 0x00, 0x00, 0x00, 0x00, 0x00, 0x00, 0x00, 0x00, 0x00, 0x00, 0x00, 0x00,
  0x00, 0x00, 0x00, 0x00, 0x00, 0x00, 0x00, 0x00, 0x00, 0x00, 0x00, 0x00, 0x00, 0x00, 0x00, 0x00,
  0x00, 0x00, 0x00, 0x00, 0x00, 0x00, 0x00, 0x00, 0x00, 0x00, 0x00, 0x00, 0x00, 0x00, 0x00, 0x00,
  0x00, 0x00, 0x00, 0x00, 0x00, 0x00, 0x00, 0x00, 0x00, 0x00, 0x00, 0x00, 0x00, 0x00, 0x00, 0x00,
  0x00, 0x00, 0x00, 0x00, 0x00, 0x00, 0x00, 0x00, 0x00, 0x00, 0x00, 0x00, 0x00, 0x00, 0x00, 0x00,
  0x00, 0x00, 0x00, 0x00, 0x00, 0x00, 0x00, 0x00, 0x00, 0x00, 0x00, 0x00, 0x00, 0x00, 0x00, 0x00,
  0x00, 0x00, 0x00, 0x00, 0x00, 0x00, 0x00, 0x00, 0x00, 0x00, 0x00, 0x00, 0x00, 0x00, 0x00, 0x00,
  0x00, 0x00, 0x00, 0x00, 0x00, 0x00, 0x00, 0x00, 0x00, 0x00, 0x00, 0x00, 0x00, 0x00, 0x00, 0x00,
  0x00, 0x00, 0x00, 0x00, 0x00, 0x00, 0x00, 0x00, 0x00, 0x00, 0x00, 0x00, 0x00, 0x00, 0x00, 0x00,
  0x00, 0x00, 0x00, 0x00, 0x00, 0x00, 0x00, 0x00, 0x00, 0x00, 0x00, 0x00, 0x00, 0x00, 0x00, 0x00,
  0x00, 0x00, 0x00, 0x00, 0x00, 0x00, 0x00, 0x00, 0x00, 0x00, 0x00, 0x00, 0x00, 0x00, 0x00, 0x00,
  0x00, 0x00, 0x00, 0x00, 0x00, 0x00, 0x00, 0x00, 0x00, 0x00, 0x00, 0x00, 0x00, 0x00, 0x00, 0x00,
  0x00, 0x00, 0x00, 0x00, 0x00, 0x00, 0x00, 0x00, 0x30, 0x00, 0x00, 0x00, 0xab, 0x6c, 0x89, 0x3b,
  0xce, 0xd3, 0xb9, 0x3b, 0x83, 0x95, 0xaf, 0x3b, 0x9f, 0x44, 0xcd, 0x3b, 0xb4, 0x77, 0xb8, 0x3b,
  0x4e, 0x5a, 0x9a, 0x3b, 0xcc, 0x25, 0x85, 0x3b, 0x0a, 0x0f, 0xac, 0x3b, 0x0f, 0x03, 0xa7, 0x3b,
  0x01, 0x32, 0xa1, 0x3b, 0xbd, 0xed, 0x9a, 0x3b, 0x71, 0x35, 0x9e, 0x3b, 0x0b, 0x2d, 0x9a, 0x3b,
  0x5b, 0xb8, 0xaf, 0x3b, 0x98, 0x2e, 0xa9, 0x3b, 0xa6, 0xba, 0x92, 0x3b, 0xfa, 0xdb, 0xa6, 0x3b,
  0x27, 0x9b, 0xc5, 0x3b, 0x5e, 0xd0, 0xc4, 0x3b, 0xc4, 0xab, 0xb5, 0x3b, 0xe7, 0x47, 0x89, 0x3b,
  0xe8, 0x01, 0x67, 0x3b, 0x73, 0xf5, 0x96, 0x3b, 0x71, 0xe3, 0x77, 0x3b, 0xb6, 0x5c, 0x9a, 0x3b,
  0x70, 0x51, 0x9b, 0x3b, 0x2a, 0xdf, 0x9e, 0x3b, 0x1d, 0x72, 0xae, 0x3b, 0x14, 0x2c, 0x94, 0x3b,
  0x85, 0xa9, 0x9f, 0x3b, 0x1e, 0xaa, 0xb2, 0x3b, 0x47, 0xd2, 0xa0, 0x3b, 0xd2, 0xbc, 0xa0, 0x3b,
  0xe6, 0x1f, 0x8f, 0x3b, 0xb9, 0x88, 0x97, 0x3b, 0x48, 0x5a, 0x92, 0x3b, 0x22, 0x93, 0xb9, 0x3b,
  0x25, 0xa2, 0x84, 0x3b, 0x27, 0x53, 0xa9, 0x3b, 0x4a, 0x42, 0x84, 0x3b, 0xa7, 0x03, 0x88, 0x3b,
  0xaa, 0x87, 0xa7, 0x3b, 0x07, 0x10, 0x92, 0x3b, 0xac, 0xb7, 0xaa, 0x3b, 0xbf, 0x11, 0x86, 0x3b,
  0x85, 0x0a, 0xae, 0x3b, 0xa2, 0x27, 0x8f, 0x3b, 0xcd, 0xf7, 0x90, 0x3b, 0x24, 0x00, 0x00, 0x00,
  0x69, 0x64, 0x5f, 0x64, 0x65, 0x74, 0x65, 0x63, 0x74, 0x6f, 0x72, 0x5f, 0x31, 0x2f, 0x63, 0x6f,
  0x6e, 0x76, 0x32, 0x64, 0x5f, 0x38, 0x5f, 0x31, 0x2f, 0x63, 0x6f, 0x6e, 0x76, 0x6f, 0x6c, 0x75,
  0x74, 0x69, 0x6f, 0x6e, 0x00, 0x00, 0x00, 0x00, 0x04, 0x00, 0x00, 0x00, 0x30, 0x00, 0x00, 0x00,
  0x01, 0x00, 0x00, 0x00, 0x01, 0x00, 0x00, 0x00, 0x30, 0x00, 0x00, 0x00, 0xde, 0xfb, 0xff, 0xff,
  0x00, 0x00, 0x00, 0x01, 0x14, 0x00, 0x00, 0x00, 0x68, 0x02, 0x00, 0x00, 0x05, 0x00, 0x00, 0x00,
  0x00, 0x00, 0x00, 0x02, 0x10, 0x03, 0x00, 0x00, 0x24, 0xfb, 0xff, 0xff, 0x08, 0x00, 0x00, 0x00,
  0x8c, 0x01, 0x00, 0x00, 0x30, 0x00, 0x00, 0x00, 0x00, 0x00, 0x00, 0x00, 0x00, 0x00, 0x00, 0x00,
  0x00, 0x00, 0x00, 0x00, 0x00, 0x00, 0x00, 0x00, 0x00, 0x00, 0x00, 0x00, 0x00, 0x00, 0x00, 0x00,
  0x00, 0x00, 0x00, 0x00, 0x00, 0x00, 0x00, 0x00, 0x00, 0x00, 0x00, 0x00, 0x00, 0x00, 0x00, 0x00,
  0x00, 0x00, 0x00, 0x00, 0x00, 0x00, 0x00, 0x00, 0x00, 0x00, 0x00, 0x00, 0x00, 0x00, 0x00, 0x00,
  0x00, 0x00, 0x00, 0x00, 0x00, 0x00, 0x00, 0x00, 0x00, 0x00, 0x00, 0x00, 0x00, 0x00, 0x00, 0x00,
  0x00, 0x00, 0x00, 0x00, 0x00, 0x00, 0x00, 0x00, 0x00, 0x00, 0x00, 0x00, 0x00, 0x00, 0x00, 0x00,
  0x00, 0x00, 0x00, 0x00, 0x00, 0x00, 0x00, 0x00, 0x00, 0x00, 0x00, 0x00, 0x00, 0x00, 0x00, 0x00,
  0x00, 0x00, 0x00, 0x00, 0x00, 0x00, 0x00, 0x00, 0x00, 0x00, 0x00, 0x00, 0x00, 0x00, 0x00, 0x00,
  0x00, 0x00, 0x00, 0x00, 0x00, 0x00, 0x00, 0x00, 0x00, 0x00, 0x00, 0x00, 0x00, 0x00, 0x00, 0x00,
  0x00, 0x00, 0x00, 0x00, 0x00, 0x00, 0x00, 0x00, 0x00, 0x00, 0x00, 0x00, 0x00, 0x00, 0x00, 0x00,
  0x00, 0x00, 0x00, 0x00, 0x00, 0x00, 0x00, 0x00, 0x00, 0x00, 0x00, 0x00, 0x00, 0x00, 0x00, 0x00,
  0x00, 0x00, 0x00, 0x00, 0x00, 0x00, 0x00, 0x00, 0x00, 0x00, 0x00, 0x00, 0x00, 0x00, 0x00, 0x00,
  0x00, 0x00, 0x00, 0x00, 0x00, 0x00, 0x00, 0x00, 0x00, 0x00, 0x00, 0x00, 0x00, 0x00, 0x00, 0x00,
  0x00, 0x00, 0x00, 0x00, 0x00, 0x00, 0x00, 0x00, 0x00, 0x00, 0x00, 0x00, 0x00, 0x00, 0x00, 0x00,
  0x00, 0x00, 0x00, 0x00, 0x00, 0x00, 0x00, 0x00, 0x00, 0x00, 0x00, 0x00, 0x00, 0x00, 0x00, 0x00,
  0x00, 0x00, 0x00, 0x00, 0x00, 0x00, 0x00, 0x00, 0x00, 0x00, 0x00, 0x00, 0x00, 0x00, 0x00, 0x00,
  0x00, 0x00, 0x00, 0x00, 0x00, 0x00, 0x00, 0x00, 0x00, 0x00, 0x00, 0x00, 0x00, 0x00, 0x00, 0x00,
  0x00, 0x00, 0x00, 0x00, 0x00, 0x00, 0x00, 0x00, 0x00, 0x00, 0x00, 0x00, 0x00, 0x00, 0x00, 0x00,
  0x00, 0x00, 0x00, 0x00, 0x00, 0x00, 0x00, 0x00, 0x00, 0x00, 0x00, 0x00, 0x00, 0x00, 0x00, 0x00,
  0x00, 0x00, 0x00, 0x00, 0x00, 0x00, 0x00, 0x00, 0x00, 0x00, 0x00, 0x00, 0x00, 0x00, 0x00, 0x00,
  0x00, 0x00, 0x00, 0x00, 0x00, 0x00, 0x00, 0x00, 0x00, 0x00, 0x00, 0x00, 0x00, 0x00, 0x00, 0x00,
  0x00, 0x00, 0x00, 0x00, 0x00, 0x00, 0x00, 0x00, 0x00, 0x00, 0x00, 0x00, 0x00, 0x00, 0x00, 0x00,
  0x00, 0x00, 0x00, 0x00, 0x00, 0x00, 0x00, 0x00, 0x00, 0x00, 0x00, 0x00, 0x00, 0x00, 0x00, 0x00,
  0x00, 0x00, 0x00, 0x00, 0x00, 0x00, 0x00, 0x00, 0x00, 0x00, 0x00, 0x00, 0x00, 0x00, 0x00, 0x00,
  0x00, 0x00, 0x00, 0x00, 0x00, 0x00, 0x00, 0x00, 0x00, 0x00, 0x00, 0x00, 0x30, 0x00, 0x00, 0x00,
  0x09, 0xf0, 0x1d, 0x39, 0xc7, 0x90, 0x55, 0x39, 0x0f, 0xcb, 0x49, 0x39, 0x7a, 0xe8, 0x6b, 0x39,
  0xb7, 0x00, 0x54, 0x39, 0x8c, 0x64, 0x31, 0x39, 0xbc, 0x05, 0x19, 0x39, 0xe0, 0xbd, 0x45, 0x39,
  0x0b, 0xf1, 0x3f, 0x39, 0xb8, 0x41, 0x39, 0x39, 0xfd, 0x0d, 0x32, 0x39, 0x08, 0xd3, 0x35, 0x39,
  0x87, 0x30, 0x31, 0x39, 0x1a, 0xf3, 0x49, 0x39, 0x80, 0x6f, 0x42, 0x39, 0x92, 0xa1, 0x28, 0x39,
  0x20, 0xc4, 0x3f, 0x39, 0x39, 0x1a, 0x63, 0x39, 0x2b, 0x31, 0x62, 0x39, 0xe9, 0xc9, 0x50, 0x39,
  0xc8, 0xc5, 0x1d, 0x39, 0xab, 0xbe, 0x04, 0x39, 0xff, 0x7d, 0x2d, 0x39, 0xf8, 0x71, 0x0e, 0x39,
  0x50, 0x67, 0x31, 0x39, 0x91, 0x80, 0x32, 0x39, 0x17, 0x96, 0x36, 0x39, 0x2a, 0x7c, 0x48, 0x39,
  0x25, 0x4a, 0x2a, 0x39, 0xa6, 0x7e, 0x37, 0x39, 0x61, 0x55, 0x4d, 0x39, 0xb4, 0xd3, 0x38, 0x39,
  0x0b, 0xbb, 0x38, 0x39, 0x15, 0x7d, 0x24, 0x39, 0x41, 0x27, 0x2e, 0x39, 0xd1, 0x32, 0x28, 0x39,
  0x74, 0x46, 0x55, 0x39, 0x6e, 0x6e, 0x18, 0x39, 0x84, 0x99, 0x42, 0x39, 0x44, 0x00, 0x18, 0x39,
  0x21, 0x51, 0x1c, 0x39, 0x71, 0x89, 0x40, 0x39, 0x7b, 0xdd, 0x27, 0x39, 0x41, 0x33, 0x44, 0x39,
  0xe7, 0x14, 0x1a, 0x39, 0x1b, 0x05, 0x48, 0x39, 0xf8, 0x85, 0x24, 0x39, 0x6d, 0x9b, 0x26, 0x39,
  0xae, 0x00, 0x00, 0x00, 0x69, 0x64, 0x5f, 0x64, 0x65, 0x74, 0x65, 0x63, 0x74, 0x6f, 0x72, 0x5f,
  0x31, 0x2f, 0x72, 0x65, 0x5f, 0x6c, 0x75, 0x5f, 0x31, 0x34, 0x5f, 0x31, 0x2f, 0x52, 0x65, 0x6c,
  0x75, 0x3b, 0x69, 0x64, 0x5f, 0x64, 0x65, 0x74, 0x65, 0x63, 0x74, 0x6f, 0x72, 0x5f, 0x31, 0x2f,
  0x62, 0x61, 0x74, 0x63, 0x68, 0x5f, 0x6e, 0x6f, 0x72, 0x6d, 0x61, 0x6c, 0x69, 0x7a, 0x61, 0x74,
  0x69, 0x6f, 0x6e, 0x5f, 0x31, 0x34, 0x5f, 0x31, 0x2f, 0x62, 0x61, 0x74, 0x63, 0x68, 0x6e, 0x6f,
  0x72, 0x6d, 0x2f, 0x61, 0x64, 0x64, 0x5f, 0x31, 0x3b, 0x69, 0x64, 0x5f, 0x64, 0x65, 0x74, 0x65,
  0x63, 0x74, 0x6f, 0x72, 0x5f, 0x31, 0x2f, 0x63, 0x6f, 0x6e, 0x76, 0x32, 0x64, 0x5f, 0x38, 0x5f,
  0x31, 0x2f, 0x63, 0x6f, 0x6e, 0x76, 0x6f, 0x6c, 0x75, 0x74, 0x69, 0x6f, 0x6e, 0x3b, 0x69, 0x64,
  0x5f, 0x64, 0x65, 0x74, 0x65, 0x63, 0x74, 0x6f, 0x72, 0x5f, 0x31, 0x2f, 0x62, 0x61, 0x74, 0x63,
  0x68, 0x5f, 0x6e, 0x6f, 0x72, 0x6d, 0x61, 0x6c, 0x69, 0x7a, 0x61, 0x74, 0x69, 0x6f, 0x6e, 0x5f,
  0x31, 0x34, 0x5f, 0x31, 0x2f, 0x62, 0x61, 0x74, 0x63, 0x68, 0x6e, 0x6f, 0x72, 0x6d, 0x2f, 0x73,
  0x75, 0x62, 0x00, 0x00, 0x01, 0x00, 0x00, 0x00, 0x30, 0x00, 0x00, 0x00, 0x0e, 0xff, 0xff, 0xff,
  0x00, 0x00, 0x00, 0x01, 0x14, 0x00, 0x00, 0x00, 0x3c, 0x00, 0x00, 0x00, 0x04, 0x00, 0x00, 0x00,
  0x00, 0x00, 0x00, 0x09, 0x54, 0x00, 0x00, 0x00, 0x54, 0xfe, 0xff, 0xff, 0x08, 0x00, 0x00, 0x00,
  0x18, 0x00, 0x00, 0x00, 0x02, 0x00, 0x00, 0x00, 0x00, 0x00, 0x00, 0x00, 0x00, 0x00, 0x00, 0x00,
  0x00, 0x00, 0x00, 0x00, 0x00, 0x00, 0x00, 0x00, 0x02, 0x00, 0x00, 0x00, 0xdf, 0xca, 0x40, 0x3b,
  0xa9, 0x5b, 0x4e, 0x3b, 0x1e, 0x00, 0x00, 0x00, 0x69, 0x64, 0x5f, 0x64, 0x65, 0x74, 0x65, 0x63,
  0x74, 0x6f, 0x72, 0x5f, 0x31, 0x2f, 0x64, 0x65, 0x6e, 0x73, 0x65, 0x5f, 0x32, 0x5f, 0x31, 0x2f,
  0x4d, 0x61, 0x74, 0x4d, 0x75, 0x6c, 0x00, 0x00, 0x02, 0x00, 0x00, 0x00, 0x02, 0x00, 0x00, 0x00,
  0x30, 0x00, 0x00, 0x00, 0x86, 0xff, 0xff, 0xff, 0x00, 0x00, 0x00, 0x01, 0x14, 0x00, 0x00, 0x00,
  0x40, 0x00, 0x00, 0x00, 0x03, 0x00, 0x00, 0x00, 0x00, 0x00, 0x00, 0x02, 0x58, 0x00, 0x00, 0x00,
  0xcc, 0xfe, 0xff, 0xff, 0x08, 0x00, 0x00, 0x00, 0x1c, 0x00, 0x00, 0x00, 0x02, 0x00, 0x00, 0x00,
  0x00, 0x00, 0x00, 0x00, 0x00, 0x00, 0x00, 0x00, 0x00, 0x00, 0x00, 0x00, 0x00, 0x00, 0x00, 0x00,
  0x00, 0x00, 0x00, 0x00, 0x02, 0x00, 0x00, 0x00, 0x64, 0x8a, 0x21, 0x38, 0x3c, 0xe8, 0x2c, 0x38,
  0x1f, 0x00, 0x00, 0x00, 0x69, 0x64, 0x5f, 0x64, 0x65, 0x74, 0x65, 0x63, 0x74, 0x6f, 0x72, 0x5f,
  0x31, 0x2f, 0x64, 0x65, 0x6e, 0x73, 0x65, 0x5f, 0x32, 0x5f, 0x31, 0x2f, 0x42, 0x69, 0x61, 0x73,
  0x41, 0x64, 0x64, 0x00, 0x01, 0x00, 0x00, 0x00, 0x02, 0x00, 0x00, 0x00, 0x00, 0x00, 0x16, 0x00,
  0x1c, 0x00, 0x18, 0x00, 0x17, 0x00, 0x10, 0x00, 0x0c, 0x00, 0x08, 0x00, 0x00, 0x00, 0x00, 0x00,
  0x00, 0x00, 0x07, 0x00, 0x16, 0x00, 0x00, 0x00, 0x00, 0x00, 0x00, 0x01, 0x18, 0x00, 0x00, 0x00,
  0x18, 0x00, 0x00, 0x00, 0x02, 0x00, 0x00, 0x00, 0x00, 0x00, 0x00, 0x02, 0x54, 0x00, 0x00, 0x00,
  0x04, 0x00, 0x04, 0x00, 0x04, 0x00, 0x00, 0x00, 0x41, 0x00, 0x00, 0x00, 0x69, 0x64, 0x5f, 0x64,
  0x65, 0x74, 0x65, 0x63, 0x74, 0x6f, 0x72, 0x5f, 0x31, 0x2f, 0x67, 0x6c, 0x6f, 0x62, 0x61, 0x6c,
  0x5f, 0x61, 0x76, 0x65, 0x72, 0x61, 0x67, 0x65, 0x5f, 0x70, 0x6f, 0x6f, 0x6c, 0x69, 0x6e, 0x67,
  0x32, 0x64, 0x5f, 0x32, 0x5f, 0x31, 0x2f, 0x4d, 0x65, 0x61, 0x6e, 0x2f, 0x72, 0x65, 0x64, 0x75,
  0x63, 0x74, 0x69, 0x6f, 0x6e, 0x5f, 0x69, 0x6e, 0x64, 0x69, 0x63, 0x65, 0x73, 0x00, 0x00, 0x00,
  0x01, 0x00, 0x00, 0x00, 0x02, 0x00, 0x00, 0x00, 0x00, 0x00, 0x16, 0x00, 0x20, 0x00, 0x1c, 0x00,
  0x1b, 0x00, 0x14, 0x00, 0x10, 0x00, 0x0c, 0x00, 0x00, 0x00, 0x00, 0x00, 0x08, 0x00, 0x07, 0x00,
  0x16, 0x00, 0x00, 0x00, 0x00, 0x00, 0x00, 0x01, 0x18, 0x00, 0x00, 0x00, 0x34, 0x00, 0x00, 0x00,
  0x54, 0x00, 0x00, 0x00, 0x01, 0x00, 0x00, 0x00, 0x00, 0x00, 0x00, 0x09, 0x70, 0x00, 0x00, 0x00,
  0x04, 0x00, 0x00, 0x00, 0xff, 0xff, 0xff, 0xff, 0x80, 0x00, 0x00, 0x00, 0x80, 0x00, 0x00, 0x00,
  0x01, 0x00, 0x00, 0x00, 0x0c, 0x00, 0x0c, 0x00, 0x00, 0x00, 0x00, 0x00, 0x08, 0x00, 0x04, 0x00,
  0x0c, 0x00, 0x00, 0x00, 0x08, 0x00, 0x00, 0x00, 0x14, 0x00, 0x00, 0x00, 0x01, 0x00, 0x00, 0x00,
  0x80, 0xff, 0xff, 0xff, 0xff, 0xff, 0xff, 0xff, 0x00, 0x00, 0x00, 0x00, 0x01, 0x00, 0x00, 0x00,
  0x81, 0x80, 0x80, 0x3b, 0x21, 0x00, 0x00, 0x00, 0x73, 0x65, 0x72, 0x76, 0x69, 0x6e, 0x67, 0x5f,
  0x64, 0x65, 0x66, 0x61, 0x75, 0x6c, 0x74, 0x5f, 0x6b, 0x65, 0x72, 0x61, 0x73, 0x5f, 0x74, 0x65,
  0x6e, 0x73, 0x6f, 0x72, 0x5f, 0x34, 0x32, 0x3a, 0x30, 0x00, 0x00, 0x00, 0x04, 0x00, 0x00, 0x00,
  0x01, 0x00, 0x00, 0x00, 0x80, 0x00, 0x00, 0x00, 0x80, 0x00, 0x00, 0x00, 0x01, 0x00, 0x00, 0x00,
  0x06, 0x00, 0x00, 0x00, 0x74, 0x00, 0x00, 0x00, 0x54, 0x00, 0x00, 0x00, 0x40, 0x00, 0x00, 0x00,
  0x2c, 0x00, 0x00, 0x00, 0x18, 0x00, 0x00, 0x00, 0x04, 0x00, 0x00, 0x00, 0xb0, 0xff, 0xff, 0xff,
  0x19, 0x00, 0x00, 0x00, 0x02, 0x00, 0x00, 0x00, 0x00, 0x00, 0x00, 0x19, 0xc0, 0xff, 0xff, 0xff,
  0x09, 0x00, 0x00, 0x00, 0x04, 0x00, 0x00, 0x00, 0x00, 0x00, 0x00, 0x09, 0xd0, 0xff, 0xff, 0xff,
  0x28, 0x00, 0x00, 0x00, 0x02, 0x00, 0x00, 0x00, 0x00, 0x00, 0x00, 0x28, 0xe0, 0xff, 0xff, 0xff,
  0x04, 0x00, 0x00, 0x00, 0x03, 0x00, 0x00, 0x00, 0x00, 0x00, 0x00, 0x04, 0xf0, 0xff, 0xff, 0xff,
  0x11, 0x00, 0x00, 0x00, 0x02, 0x00, 0x00, 0x00, 0x00, 0x00, 0x00, 0x11, 0x0c, 0x00, 0x10, 0x00,
  0x0f, 0x00, 0x00, 0x00, 0x08, 0x00, 0x04, 0x00, 0x0c, 0x00, 0x00, 0x00, 0x03, 0x00, 0x00, 0x00,
  0x03, 0x00, 0x00, 0x00, 0x00, 0x00, 0x00, 0x03,
};
const unsigned int id_detector_model_data_len = 17240;
